image,object_id,layer,index,ring_y,ring_x,ring_inten,contact_inten,overlap
ER-LD 300uM OA+3 DOM 60x confocal Z001.nd2 - Z=0 C=0_92_30006,1,1,0,223,449,2420,131,false
ER-LD 300uM OA+3 DOM 60x confocal Z001.nd2 - Z=0 C=0_92_30006,1,1,1,223,450,2739,155,false
ER-LD 300uM OA+3 DOM 60x confocal Z001.nd2 - Z=0 C=0_92_30006,1,1,2,222,450,2558,106,false
ER-LD 300uM OA+3 DOM 60x confocal Z001.nd2 - Z=0 C=0_92_30006,1,1,3,222,451,2778,127,false
ER-LD 300uM OA+3 DOM 60x confocal Z001.nd2 - Z=0 C=0_92_30006,1,1,4,221,451,2604,115,false
ER-LD 300uM OA+3 DOM 60x confocal Z001.nd2 - Z=0 C=0_92_30006,1,1,5,220,451,2448,120,false
ER-LD 300uM OA+3 DOM 60x confocal Z001.nd2 - Z=0 C=0_92_30006,1,1,6,219,451,2631,126,false
ER-LD 300uM OA+3 DOM 60x confocal Z001.nd2 - Z=0 C=0_92_30006,1,1,7,219,450,2514,139,false
ER-LD 300uM OA+3 DOM 60x confocal Z001.nd2 - Z=0 C=0_92_30006,1,1,8,219,449,2530,114,false
ER-LD 300uM OA+3 DOM 60x confocal Z001.nd2 - Z=0 C=0_92_30006,1,1,9,219,448,2525,127,false
ER-LD 300uM OA+3 DOM 60x confocal Z001.nd2 - Z=0 C=0_92_30006,1,1,10,219,447,2571,136,false
ER-LD 300uM OA+3 DOM 60x confocal Z001.nd2 - Z=0 C=0_92_30006,1,1,11,220,447,2587,79,false
ER-LD 300uM OA+3 DOM 60x confocal Z001.nd2 - Z=0 C=0_92_30006,1,1,12,221,447,2388,120,false
ER-LD 300uM OA+3 DOM 60x confocal Z001.nd2 - Z=0 C=0_92_30006,1,1,13,222,447,2463,123,false
ER-LD 300uM OA+3 DOM 60x confocal Z001.nd2 - Z=0 C=0_92_30006,1,1,14,223,447,2543,152,false
ER-LD 300uM OA+3 DOM 60x confocal Z001.nd2 - Z=0 C=0_92_30006,1,1,15,223,448,2474,147,false
ER-LD 300uM OA+3 DOM 60x confocal Z001.nd2 - Z=0 C=0_92_30006,2,1,0,271,585,5604,217,false
ER-LD 300uM OA+3 DOM 60x confocal Z001.nd2 - Z=0 C=0_92_30006,2,1,1,271,586,5603,280,false
ER-LD 300uM OA+3 DOM 60x confocal Z001.nd2 - Z=0 C=0_92_30006,2,1,2,271,587,5598,258,false
ER-LD 300uM OA+3 DOM 60x confocal Z001.nd2 - Z=0 C=0_92_30006,2,1,3,270,587,4036,210,false
ER-LD 300uM OA+3 DOM 60x confocal Z001.nd2 - Z=0 C=0_92_30006,2,1,4,270,588,4393,255,false
ER-LD 300uM OA+3 DOM 60x confocal Z001.nd2 - Z=0 C=0_92_30006,2,1,5,269,588,3143,203,false
ER-LD 300uM OA+3 DOM 60x confocal Z001.nd2 - Z=0 C=0_92_30006,2,1,6,269,589,3741,191,false
ER-LD 300uM OA+3 DOM 60x confocal Z001.nd2 - Z=0 C=0_92_30006,2,1,7,269,590,3597,245,false
ER-LD 300uM OA+3 DOM 60x confocal Z001.nd2 - Z=0 C=0_92_30006,2,1,8,268,590,3278,186,false
ER-LD 300uM OA+3 DOM 60x confocal Z001.nd2 - Z=0 C=0_92_30006,2,1,9,267,590,3134,255,false
ER-LD 300uM OA+3 DOM 60x confocal Z001.nd2 - Z=0 C=0_92_30006,2,1,10,266,590,3228,227,false
ER-LD 300uM OA+3 DOM 60x confocal Z001.nd2 - Z=0 C=0_92_30006,2,1,11,265,590,2882,153,false
ER-LD 300uM OA+3 DOM 60x confocal Z001.nd2 - Z=0 C=0_92_30006,2,1,12,264,590,2937,151,false
ER-LD 300uM OA+3 DOM 60x confocal Z001.nd2 - Z=0 C=0_92_30006,2,1,13,264,589,2814,186,false
ER-LD 300uM OA+3 DOM 60x confocal Z001.nd2 - Z=0 C=0_92_30006,2,1,14,263,589,3072,155,false
ER-LD 300uM OA+3 DOM 60x confocal Z001.nd2 - Z=0 C=0_92_30006,2,1,15,262,589,3043,186,false
ER-LD 300uM OA+3 DOM 60x confocal Z001.nd2 - Z=0 C=0_92_30006,2,1,16,262,588,2991,187,false
ER-LD 300uM OA+3 DOM 60x confocal Z001.nd2 - Z=0 C=0_92_30006,2,1,17,262,587,3407,185,false
ER-LD 300uM OA+3 DOM 60x confocal Z001.nd2 - Z=0 C=0_92_30006,2,1,18,261,587,3230,182,false
ER-LD 300uM OA+3 DOM 60x confocal Z001.nd2 - Z=0 C=0_92_30006,2,1,19,261,586,3952,111,false
ER-LD 300uM OA+3 DOM 60x confocal Z001.nd2 - Z=0 C=0_92_30006,2,1,20,261,585,3791,120,false
ER-LD 300uM OA+3 DOM 60x confocal Z001.nd2 - Z=0 C=0_92_30006,2,1,21,261,584,3666,145,false
ER-LD 300uM OA+3 DOM 60x confocal Z001.nd2 - Z=0 C=0_92_30006,2,1,22,261,583,3568,102,false
ER-LD 300uM OA+3 DOM 60x confocal Z001.nd2 - Z=0 C=0_92_30006,2,1,23,262,583,3465,114,false
ER-LD 300uM OA+3 DOM 60x confocal Z001.nd2 - Z=0 C=0_92_30006,2,1,24,262,582,3616,89,false
ER-LD 300uM OA+3 DOM 60x confocal Z001.nd2 - Z=0 C=0_92_30006,2,1,25,262,581,3390,92,false
ER-LD 300uM OA+3 DOM 60x confocal Z001.nd2 - Z=0 C=0_92_30006,2,1,26,263,581,3491,88,false
ER-LD 300uM OA+3 DOM 60x confocal Z001.nd2 - Z=0 C=0_92_30006,2,1,27,263,580,3087,78,false
ER-LD 300uM OA+3 DOM 60x confocal Z001.nd2 - Z=0 C=0_92_30006,2,1,28,264,580,3018,98,false
ER-LD 300uM OA+3 DOM 60x confocal Z001.nd2 - Z=0 C=0_92_30006,2,1,29,265,580,3672,113,false
ER-LD 300uM OA+3 DOM 60x confocal Z001.nd2 - Z=0 C=0_92_30006,2,1,30,266,580,4274,144,false
ER-LD 300uM OA+3 DOM 60x confocal Z001.nd2 - Z=0 C=0_92_30006,2,1,31,267,580,5081,145,false
ER-LD 300uM OA+3 DOM 60x confocal Z001.nd2 - Z=0 C=0_92_30006,2,1,32,268,580,5515,158,false
ER-LD 300uM OA+3 DOM 60x confocal Z001.nd2 - Z=0 C=0_92_30006,2,1,33,269,580,5590,149,false
ER-LD 300uM OA+3 DOM 60x confocal Z001.nd2 - Z=0 C=0_92_30006,2,1,34,269,581,4871,130,false
ER-LD 300uM OA+3 DOM 60x confocal Z001.nd2 - Z=0 C=0_92_30006,2,1,35,270,581,5072,145,false
ER-LD 300uM OA+3 DOM 60x confocal Z001.nd2 - Z=0 C=0_92_30006,2,1,36,270,582,4981,165,false
ER-LD 300uM OA+3 DOM 60x confocal Z001.nd2 - Z=0 C=0_92_30006,2,1,37,270,583,4553,195,false
ER-LD 300uM OA+3 DOM 60x confocal Z001.nd2 - Z=0 C=0_92_30006,2,1,38,271,583,5576,185,false
ER-LD 300uM OA+3 DOM 60x confocal Z001.nd2 - Z=0 C=0_92_30006,2,1,39,271,584,5610,221,false
ER-LD 300uM OA+3 DOM 60x confocal Z001.nd2 - Z=0 C=0_92_30006,3,1,0,288,573,1849,72,false
ER-LD 300uM OA+3 DOM 60x confocal Z001.nd2 - Z=0 C=0_92_30006,3,1,1,288,574,1818,114,false
ER-LD 300uM OA+3 DOM 60x confocal Z001.nd2 - Z=0 C=0_92_30006,3,1,2,288,575,1752,112,false
ER-LD 300uM OA+3 DOM 60x confocal Z001.nd2 - Z=0 C=0_92_30006,3,1,3,288,576,1903,147,false
ER-LD 300uM OA+3 DOM 60x confocal Z001.nd2 - Z=0 C=0_92_30006,3,1,4,288,577,1993,200,false
ER-LD 300uM OA+3 DOM 60x confocal Z001.nd2 - Z=0 C=0_92_30006,3,1,5,287,577,1686,135,false
ER-LD 300uM OA+3 DOM 60x confocal Z001.nd2 - Z=0 C=0_92_30006,3,1,6,287,578,1804,188,false
ER-LD 300uM OA+3 DOM 60x confocal Z001.nd2 - Z=0 C=0_92_30006,3,1,7,287,579,2292,209,false
ER-LD 300uM OA+3 DOM 60x confocal Z001.nd2 - Z=0 C=0_92_30006,3,1,8,286,579,1972,188,false
ER-LD 300uM OA+3 DOM 60x confocal Z001.nd2 - Z=0 C=0_92_30006,3,1,9,286,580,2249,125,false
ER-LD 300uM OA+3 DOM 60x confocal Z001.nd2 - Z=0 C=0_92_30006,3,1,10,286,581,3179,187,false
ER-LD 300uM OA+3 DOM 60x confocal Z001.nd2 - Z=0 C=0_92_30006,3,1,11,285,581,2657,130,false
ER-LD 300uM OA+3 DOM 60x confocal Z001.nd2 - Z=0 C=0_92_30006,3,1,12,285,582,4097,92,false
ER-LD 300uM OA+3 DOM 60x confocal Z001.nd2 - Z=0 C=0_92_30006,3,1,13,285,583,5880,116,false
ER-LD 300uM OA+3 DOM 60x confocal Z001.nd2 - Z=0 C=0_92_30006,3,1,14,284,583,6419,123,false
ER-LD 300uM OA+3 DOM 60x confocal Z001.nd2 - Z=0 C=0_92_30006,3,1,15,284,584,8468,220,false
ER-LD 300uM OA+3 DOM 60x confocal Z001.nd2 - Z=0 C=0_92_30006,3,1,16,283,584,8748,237,false
ER-LD 300uM OA+3 DOM 60x confocal Z001.nd2 - Z=0 C=0_92_30006,3,1,17,282,584,8897,195,false
ER-LD 300uM OA+3 DOM 60x confocal Z001.nd2 - Z=0 C=0_92_30006,3,1,18,281,584,8359,179,false
ER-LD 300uM OA+3 DOM 60x confocal Z001.nd2 - Z=0 C=0_92_30006,3,1,19,280,584,7825,253,false
ER-LD 300uM OA+3 DOM 60x confocal Z001.nd2 - Z=0 C=0_92_30006,3,1,20,279,584,7484,169,false
ER-LD 300uM OA+3 DOM 60x confocal Z001.nd2 - Z=0 C=0_92_30006,3,1,21,278,584,6634,179,false
ER-LD 300uM OA+3 DOM 60x confocal Z001.nd2 - Z=0 C=0_92_30006,3,1,22,277,584,6444,186,false
ER-LD 300uM OA+3 DOM 60x confocal Z001.nd2 - Z=0 C=0_92_30006,3,1,23,276,584,6446,184,false
ER-LD 300uM OA+3 DOM 60x confocal Z001.nd2 - Z=0 C=0_92_30006,3,1,24,276,583,4896,154,false
ER-LD 300uM OA+3 DOM 60x confocal Z001.nd2 - Z=0 C=0_92_30006,3,1,25,275,583,5151,172,false
ER-LD 300uM OA+3 DOM 60x confocal Z001.nd2 - Z=0 C=0_92_30006,3,1,26,274,583,5565,142,false
ER-LD 300uM OA+3 DOM 60x confocal Z001.nd2 - Z=0 C=0_92_30006,3,1,27,273,583,6239,117,false
ER-LD 300uM OA+3 DOM 60x confocal Z001.nd2 - Z=0 C=0_92_30006,3,1,28,273,582,4448,106,false
ER-LD 300uM OA+3 DOM 60x confocal Z001.nd2 - Z=0 C=0_92_30006,3,1,29,272,582,4977,170,true
ER-LD 300uM OA+3 DOM 60x confocal Z001.nd2 - Z=0 C=0_92_30006,3,1,30,272,581,4446,138,false
ER-LD 300uM OA+3 DOM 60x confocal Z001.nd2 - Z=0 C=0_92_30006,3,1,31,271,581,4938,80,true
ER-LD 300uM OA+3 DOM 60x confocal Z001.nd2 - Z=0 C=0_92_30006,3,1,32,271,580,4422,126,true
ER-LD 300uM OA+3 DOM 60x confocal Z001.nd2 - Z=0 C=0_92_30006,3,1,33,270,580,5589,147,true
ER-LD 300uM OA+3 DOM 60x confocal Z001.nd2 - Z=0 C=0_92_30006,3,1,34,270,579,4905,172,true
ER-LD 300uM OA+3 DOM 60x confocal Z001.nd2 - Z=0 C=0_92_30006,3,1,35,269,579,5725,157,true
ER-LD 300uM OA+3 DOM 60x confocal Z001.nd2 - Z=0 C=0_92_30006,3,1,36,269,578,5623,146,false
ER-LD 300uM OA+3 DOM 60x confocal Z001.nd2 - Z=0 C=0_92_30006,3,1,37,269,577,4242,104,false
ER-LD 300uM OA+3 DOM 60x confocal Z001.nd2 - Z=0 C=0_92_30006,3,1,38,269,576,3457,134,false
ER-LD 300uM OA+3 DOM 60x confocal Z001.nd2 - Z=0 C=0_92_30006,3,1,39,269,575,2640,105,false
ER-LD 300uM OA+3 DOM 60x confocal Z001.nd2 - Z=0 C=0_92_30006,3,1,40,269,574,2380,96,false
ER-LD 300uM OA+3 DOM 60x confocal Z001.nd2 - Z=0 C=0_92_30006,3,1,41,268,574,2456,90,false
ER-LD 300uM OA+3 DOM 60x confocal Z001.nd2 - Z=0 C=0_92_30006,3,1,42,268,573,2367,137,false
ER-LD 300uM OA+3 DOM 60x confocal Z001.nd2 - Z=0 C=0_92_30006,3,1,43,268,572,2288,89,false
ER-LD 300uM OA+3 DOM 60x confocal Z001.nd2 - Z=0 C=0_92_30006,3,1,44,269,572,1829,113,false
ER-LD 300uM OA+3 DOM 60x confocal Z001.nd2 - Z=0 C=0_92_30006,3,1,45,269,571,1802,136,false
ER-LD 300uM OA+3 DOM 60x confocal Z001.nd2 - Z=0 C=0_92_30006,3,1,46,269,570,1846,47,false
ER-LD 300uM OA+3 DOM 60x confocal Z001.nd2 - Z=0 C=0_92_30006,3,1,47,269,569,2131,71,false
ER-LD 300uM OA+3 DOM 60x confocal Z001.nd2 - Z=0 C=0_92_30006,3,1,48,269,568,2506,101,false
ER-LD 300uM OA+3 DOM 60x confocal Z001.nd2 - Z=0 C=0_92_30006,3,1,49,269,567,2365,69,false
ER-LD 300uM OA+3 DOM 60x confocal Z001.nd2 - Z=0 C=0_92_30006,3,1,50,270,567,2370,95,false
ER-LD 300uM OA+3 DOM 60x confocal Z001.nd2 - Z=0 C=0_92_30006,3,1,51,270,566,2672,50,false
ER-LD 300uM OA+3 DOM 60x confocal Z001.nd2 - Z=0 C=0_92_30006,3,1,52,270,565,2469,84,false
ER-LD 300uM OA+3 DOM 60x confocal Z001.nd2 - Z=0 C=0_92_30006,3,1,53,271,565,2876,116,false
ER-LD 300uM OA+3 DOM 60x confocal Z001.nd2 - Z=0 C=0_92_30006,3,1,54,272,565,2752,144,false
ER-LD 300uM OA+3 DOM 60x confocal Z001.nd2 - Z=0 C=0_92_30006,3,1,55,272,564,2927,117,false
ER-LD 300uM OA+3 DOM 60x confocal Z001.nd2 - Z=0 C=0_92_30006,3,1,56,273,564,2956,88,false
ER-LD 300uM OA+3 DOM 60x confocal Z001.nd2 - Z=0 C=0_92_30006,3,1,57,274,564,2508,101,false
ER-LD 300uM OA+3 DOM 60x confocal Z001.nd2 - Z=0 C=0_92_30006,3,1,58,275,564,1997,98,false
ER-LD 300uM OA+3 DOM 60x confocal Z001.nd2 - Z=0 C=0_92_30006,3,1,59,276,564,2038,120,false
ER-LD 300uM OA+3 DOM 60x confocal Z001.nd2 - Z=0 C=0_92_30006,3,1,60,276,563,2268,95,false
ER-LD 300uM OA+3 DOM 60x confocal Z001.nd2 - Z=0 C=0_92_30006,3,1,61,277,563,1965,132,false
ER-LD 300uM OA+3 DOM 60x confocal Z001.nd2 - Z=0 C=0_92_30006,3,1,62,278,563,1988,156,false
ER-LD 300uM OA+3 DOM 60x confocal Z001.nd2 - Z=0 C=0_92_30006,3,1,63,279,563,1971,100,false
ER-LD 300uM OA+3 DOM 60x confocal Z001.nd2 - Z=0 C=0_92_30006,3,1,64,280,563,1836,163,false
ER-LD 300uM OA+3 DOM 60x confocal Z001.nd2 - Z=0 C=0_92_30006,3,1,65,281,563,1915,99,false
ER-LD 300uM OA+3 DOM 60x confocal Z001.nd2 - Z=0 C=0_92_30006,3,1,66,282,563,2068,181,false
ER-LD 300uM OA+3 DOM 60x confocal Z001.nd2 - Z=0 C=0_92_30006,3,1,67,283,563,2230,197,false
ER-LD 300uM OA+3 DOM 60x confocal Z001.nd2 - Z=0 C=0_92_30006,3,1,68,283,564,2050,175,false
ER-LD 300uM OA+3 DOM 60x confocal Z001.nd2 - Z=0 C=0_92_30006,3,1,69,284,564,2281,222,false
ER-LD 300uM OA+3 DOM 60x confocal Z001.nd2 - Z=0 C=0_92_30006,3,1,70,284,565,2145,190,false
ER-LD 300uM OA+3 DOM 60x confocal Z001.nd2 - Z=0 C=0_92_30006,3,1,71,285,565,2073,205,false
ER-LD 300uM OA+3 DOM 60x confocal Z001.nd2 - Z=0 C=0_92_30006,3,1,72,285,566,1966,190,false
ER-LD 300uM OA+3 DOM 60x confocal Z001.nd2 - Z=0 C=0_92_30006,3,1,73,285,567,1695,164,false
ER-LD 300uM OA+3 DOM 60x confocal Z001.nd2 - Z=0 C=0_92_30006,3,1,74,286,567,2051,156,false
ER-LD 300uM OA+3 DOM 60x confocal Z001.nd2 - Z=0 C=0_92_30006,3,1,75,286,568,1723,80,false
ER-LD 300uM OA+3 DOM 60x confocal Z001.nd2 - Z=0 C=0_92_30006,3,1,76,287,568,2025,100,false
ER-LD 300uM OA+3 DOM 60x confocal Z001.nd2 - Z=0 C=0_92_30006,3,1,77,287,569,1762,112,false
ER-LD 300uM OA+3 DOM 60x confocal Z001.nd2 - Z=0 C=0_92_30006,3,1,78,288,569,2002,102,false
ER-LD 300uM OA+3 DOM 60x confocal Z001.nd2 - Z=0 C=0_92_30006,3,1,79,288,570,1868,84,false
ER-LD 300uM OA+3 DOM 60x confocal Z001.nd2 - Z=0 C=0_92_30006,3,1,80,288,571,1857,64,false
ER-LD 300uM OA+3 DOM 60x confocal Z001.nd2 - Z=0 C=0_92_30006,3,1,81,288,572,2004,92,false
ER-LD 300uM OA+3 DOM 60x confocal Z001.nd2 - Z=0 C=0_92_30006,12,1,0,319,566,1271,22,false
ER-LD 300uM OA+3 DOM 60x confocal Z001.nd2 - Z=0 C=0_92_30006,12,1,1,319,567,1027,24,false
ER-LD 300uM OA+3 DOM 60x confocal Z001.nd2 - Z=0 C=0_92_30006,12,1,2,319,568,880,53,false
ER-LD 300uM OA+3 DOM 60x confocal Z001.nd2 - Z=0 C=0_92_30006,12,1,3,318,568,857,54,false
ER-LD 300uM OA+3 DOM 60x confocal Z001.nd2 - Z=0 C=0_92_30006,12,1,4,318,569,1111,67,false
ER-LD 300uM OA+3 DOM 60x confocal Z001.nd2 - Z=0 C=0_92_30006,12,1,5,317,569,954,40,false
ER-LD 300uM OA+3 DOM 60x confocal Z001.nd2 - Z=0 C=0_92_30006,12,1,6,317,570,1158,35,false
ER-LD 300uM OA+3 DOM 60x confocal Z001.nd2 - Z=0 C=0_92_30006,12,1,7,317,571,1755,58,false
ER-LD 300uM OA+3 DOM 60x confocal Z001.nd2 - Z=0 C=0_92_30006,12,1,8,316,571,1568,54,false
ER-LD 300uM OA+3 DOM 60x confocal Z001.nd2 - Z=0 C=0_92_30006,12,1,9,316,572,1929,68,false
ER-LD 300uM OA+3 DOM 60x confocal Z001.nd2 - Z=0 C=0_92_30006,12,1,10,316,573,2931,45,false
ER-LD 300uM OA+3 DOM 60x confocal Z001.nd2 - Z=0 C=0_92_30006,12,1,11,315,573,2481,57,false
ER-LD 300uM OA+3 DOM 60x confocal Z001.nd2 - Z=0 C=0_92_30006,12,1,12,315,574,3432,68,false
ER-LD 300uM OA+3 DOM 60x confocal Z001.nd2 - Z=0 C=0_92_30006,12,1,13,314,574,3266,49,false
ER-LD 300uM OA+3 DOM 60x confocal Z001.nd2 - Z=0 C=0_92_30006,12,1,14,314,575,4214,58,false
ER-LD 300uM OA+3 DOM 60x confocal Z001.nd2 - Z=0 C=0_92_30006,12,1,15,313,575,3904,69,false
ER-LD 300uM OA+3 DOM 60x confocal Z001.nd2 - Z=0 C=0_92_30006,12,1,16,312,575,3639,76,false
ER-LD 300uM OA+3 DOM 60x confocal Z001.nd2 - Z=0 C=0_92_30006,12,1,17,312,576,4359,57,false
ER-LD 300uM OA+3 DOM 60x confocal Z001.nd2 - Z=0 C=0_92_30006,12,1,18,311,576,3898,45,false
ER-LD 300uM OA+3 DOM 60x confocal Z001.nd2 - Z=0 C=0_92_30006,12,1,19,310,576,2978,81,false
ER-LD 300uM OA+3 DOM 60x confocal Z001.nd2 - Z=0 C=0_92_30006,12,1,20,310,577,3883,75,false
ER-LD 300uM OA+3 DOM 60x confocal Z001.nd2 - Z=0 C=0_92_30006,12,1,21,309,577,2967,48,false
ER-LD 300uM OA+3 DOM 60x confocal Z001.nd2 - Z=0 C=0_92_30006,12,1,22,308,577,2422,46,false
ER-LD 300uM OA+3 DOM 60x confocal Z001.nd2 - Z=0 C=0_92_30006,12,1,23,307,577,1636,50,false
ER-LD 300uM OA+3 DOM 60x confocal Z001.nd2 - Z=0 C=0_92_30006,12,1,24,306,577,1423,63,false
ER-LD 300uM OA+3 DOM 60x confocal Z001.nd2 - Z=0 C=0_92_30006,12,1,25,305,577,1103,45,false
ER-LD 300uM OA+3 DOM 60x confocal Z001.nd2 - Z=0 C=0_92_30006,12,1,26,305,576,954,43,false
ER-LD 300uM OA+3 DOM 60x confocal Z001.nd2 - Z=0 C=0_92_30006,12,1,27,304,576,1030,53,false
ER-LD 300uM OA+3 DOM 60x confocal Z001.nd2 - Z=0 C=0_92_30006,12,1,28,304,575,775,56,false
ER-LD 300uM OA+3 DOM 60x confocal Z001.nd2 - Z=0 C=0_92_30006,12,1,29,303,575,824,47,false
ER-LD 300uM OA+3 DOM 60x confocal Z001.nd2 - Z=0 C=0_92_30006,12,1,30,302,575,938,60,false
ER-LD 300uM OA+3 DOM 60x confocal Z001.nd2 - Z=0 C=0_92_30006,12,1,31,302,574,913,71,false
ER-LD 300uM OA+3 DOM 60x confocal Z001.nd2 - Z=0 C=0_92_30006,12,1,32,301,574,957,88,false
ER-LD 300uM OA+3 DOM 60x confocal Z001.nd2 - Z=0 C=0_92_30006,12,1,33,301,573,887,83,false
ER-LD 300uM OA+3 DOM 60x confocal Z001.nd2 - Z=0 C=0_92_30006,12,1,34,300,573,1127,54,false
ER-LD 300uM OA+3 DOM 60x confocal Z001.nd2 - Z=0 C=0_92_30006,12,1,35,300,572,821,52,false
ER-LD 300uM OA+3 DOM 60x confocal Z001.nd2 - Z=0 C=0_92_30006,12,1,36,300,571,762,54,false
ER-LD 300uM OA+3 DOM 60x confocal Z001.nd2 - Z=0 C=0_92_30006,12,1,37,299,571,1012,91,false
ER-LD 300uM OA+3 DOM 60x confocal Z001.nd2 - Z=0 C=0_92_30006,12,1,38,299,570,1021,55,false
ER-LD 300uM OA+3 DOM 60x confocal Z001.nd2 - Z=0 C=0_92_30006,12,1,39,299,569,892,67,false
ER-LD 300uM OA+3 DOM 60x confocal Z001.nd2 - Z=0 C=0_92_30006,12,1,40,299,568,757,56,false
ER-LD 300uM OA+3 DOM 60x confocal Z001.nd2 - Z=0 C=0_92_30006,12,1,41,299,567,889,51,false
ER-LD 300uM OA+3 DOM 60x confocal Z001.nd2 - Z=0 C=0_92_30006,12,1,42,299,566,840,83,false
ER-LD 300uM OA+3 DOM 60x confocal Z001.nd2 - Z=0 C=0_92_30006,12,1,43,299,565,871,62,false
ER-LD 300uM OA+3 DOM 60x confocal Z001.nd2 - Z=0 C=0_92_30006,12,1,44,299,564,934,58,false
ER-LD 300uM OA+3 DOM 60x confocal Z001.nd2 - Z=0 C=0_92_30006,12,1,45,299,563,1103,68,false
ER-LD 300uM OA+3 DOM 60x confocal Z001.nd2 - Z=0 C=0_92_30006,12,1,46,299,562,1047,40,false
ER-LD 300uM OA+3 DOM 60x confocal Z001.nd2 - Z=0 C=0_92_30006,12,1,47,299,561,1198,63,false
ER-LD 300uM OA+3 DOM 60x confocal Z001.nd2 - Z=0 C=0_92_30006,12,1,48,299,560,1258,56,false
ER-LD 300uM OA+3 DOM 60x confocal Z001.nd2 - Z=0 C=0_92_30006,12,1,49,299,559,1296,71,false
ER-LD 300uM OA+3 DOM 60x confocal Z001.nd2 - Z=0 C=0_92_30006,12,1,50,300,559,1369,63,false
ER-LD 300uM OA+3 DOM 60x confocal Z001.nd2 - Z=0 C=0_92_30006,12,1,51,300,558,1193,60,false
ER-LD 300uM OA+3 DOM 60x confocal Z001.nd2 - Z=0 C=0_92_30006,12,1,52,301,558,1246,88,false
ER-LD 300uM OA+3 DOM 60x confocal Z001.nd2 - Z=0 C=0_92_30006,12,1,53,302,558,1107,43,false
ER-LD 300uM OA+3 DOM 60x confocal Z001.nd2 - Z=0 C=0_92_30006,12,1,54,302,557,1336,52,false
ER-LD 300uM OA+3 DOM 60x confocal Z001.nd2 - Z=0 C=0_92_30006,12,1,55,303,557,1222,53,false
ER-LD 300uM OA+3 DOM 60x confocal Z001.nd2 - Z=0 C=0_92_30006,12,1,56,303,556,1475,50,false
ER-LD 300uM OA+3 DOM 60x confocal Z001.nd2 - Z=0 C=0_92_30006,12,1,57,304,556,1788,64,false
ER-LD 300uM OA+3 DOM 60x confocal Z001.nd2 - Z=0 C=0_92_30006,12,1,58,305,556,1921,73,false
ER-LD 300uM OA+3 DOM 60x confocal Z001.nd2 - Z=0 C=0_92_30006,12,1,59,305,555,2301,47,false
ER-LD 300uM OA+3 DOM 60x confocal Z001.nd2 - Z=0 C=0_92_30006,12,1,60,306,555,3126,67,false
ER-LD 300uM OA+3 DOM 60x confocal Z001.nd2 - Z=0 C=0_92_30006,12,1,61,307,555,3489,56,false
ER-LD 300uM OA+3 DOM 60x confocal Z001.nd2 - Z=0 C=0_92_30006,12,1,62,308,555,4260,64,false
ER-LD 300uM OA+3 DOM 60x confocal Z001.nd2 - Z=0 C=0_92_30006,12,1,63,309,555,4818,50,false
ER-LD 300uM OA+3 DOM 60x confocal Z001.nd2 - Z=0 C=0_92_30006,12,1,64,310,555,5813,49,false
ER-LD 300uM OA+3 DOM 60x confocal Z001.nd2 - Z=0 C=0_92_30006,12,1,65,311,555,6109,66,false
ER-LD 300uM OA+3 DOM 60x confocal Z001.nd2 - Z=0 C=0_92_30006,12,1,66,311,556,4751,50,false
ER-LD 300uM OA+3 DOM 60x confocal Z001.nd2 - Z=0 C=0_92_30006,12,1,67,312,556,5126,49,false
ER-LD 300uM OA+3 DOM 60x confocal Z001.nd2 - Z=0 C=0_92_30006,12,1,68,312,557,3856,59,false
ER-LD 300uM OA+3 DOM 60x confocal Z001.nd2 - Z=0 C=0_92_30006,12,1,69,313,557,4182,68,false
ER-LD 300uM OA+3 DOM 60x confocal Z001.nd2 - Z=0 C=0_92_30006,12,1,70,314,557,4771,51,false
ER-LD 300uM OA+3 DOM 60x confocal Z001.nd2 - Z=0 C=0_92_30006,12,1,71,315,557,5778,64,false
ER-LD 300uM OA+3 DOM 60x confocal Z001.nd2 - Z=0 C=0_92_30006,12,1,72,315,558,4120,53,false
ER-LD 300uM OA+3 DOM 60x confocal Z001.nd2 - Z=0 C=0_92_30006,12,1,73,316,558,5424,47,false
ER-LD 300uM OA+3 DOM 60x confocal Z001.nd2 - Z=0 C=0_92_30006,12,1,74,317,558,5784,38,false
ER-LD 300uM OA+3 DOM 60x confocal Z001.nd2 - Z=0 C=0_92_30006,12,1,75,317,559,4641,41,false
ER-LD 300uM OA+3 DOM 60x confocal Z001.nd2 - Z=0 C=0_92_30006,12,1,76,318,559,5447,50,false
ER-LD 300uM OA+3 DOM 60x confocal Z001.nd2 - Z=0 C=0_92_30006,12,1,77,318,560,4523,76,false
ER-LD 300uM OA+3 DOM 60x confocal Z001.nd2 - Z=0 C=0_92_30006,12,1,78,319,560,5127,52,false
ER-LD 300uM OA+3 DOM 60x confocal Z001.nd2 - Z=0 C=0_92_30006,12,1,79,319,561,4203,58,false
ER-LD 300uM OA+3 DOM 60x confocal Z001.nd2 - Z=0 C=0_92_30006,12,1,80,319,562,3932,53,false
ER-LD 300uM OA+3 DOM 60x confocal Z001.nd2 - Z=0 C=0_92_30006,12,1,81,320,562,4134,80,false
ER-LD 300uM OA+3 DOM 60x confocal Z001.nd2 - Z=0 C=0_92_30006,12,1,82,320,563,3572,70,false
ER-LD 300uM OA+3 DOM 60x confocal Z001.nd2 - Z=0 C=0_92_30006,12,1,83,320,564,2959,52,false
ER-LD 300uM OA+3 DOM 60x confocal Z001.nd2 - Z=0 C=0_92_30006,12,1,84,319,564,2282,58,false
ER-LD 300uM OA+3 DOM 60x confocal Z001.nd2 - Z=0 C=0_92_30006,12,1,85,319,565,1809,50,false
ER-LD 300uM OA+3 DOM 60x confocal Z001.nd2 - Z=0 C=0_92_30006,28,1,0,336,560,2998,144,false
ER-LD 300uM OA+3 DOM 60x confocal Z001.nd2 - Z=0 C=0_92_30006,28,1,1,336,561,3396,136,false
ER-LD 300uM OA+3 DOM 60x confocal Z001.nd2 - Z=0 C=0_92_30006,28,1,2,336,562,4067,97,false
ER-LD 300uM OA+3 DOM 60x confocal Z001.nd2 - Z=0 C=0_92_30006,28,1,3,335,562,3494,109,false
ER-LD 300uM OA+3 DOM 60x confocal Z001.nd2 - Z=0 C=0_92_30006,28,1,4,334,562,3193,115,false
ER-LD 300uM OA+3 DOM 60x confocal Z001.nd2 - Z=0 C=0_92_30006,28,1,5,334,563,4284,155,false
ER-LD 300uM OA+3 DOM 60x confocal Z001.nd2 - Z=0 C=0_92_30006,28,1,6,333,563,3831,169,false
ER-LD 300uM OA+3 DOM 60x confocal Z001.nd2 - Z=0 C=0_92_30006,28,1,7,332,563,3736,168,false
ER-LD 300uM OA+3 DOM 60x confocal Z001.nd2 - Z=0 C=0_92_30006,28,1,8,331,563,4003,190,false
ER-LD 300uM OA+3 DOM 60x confocal Z001.nd2 - Z=0 C=0_92_30006,28,1,9,330,563,4134,248,false
ER-LD 300uM OA+3 DOM 60x confocal Z001.nd2 - Z=0 C=0_92_30006,28,1,10,329,563,4196,258,false
ER-LD 300uM OA+3 DOM 60x confocal Z001.nd2 - Z=0 C=0_92_30006,28,1,11,329,562,3328,250,false
ER-LD 300uM OA+3 DOM 60x confocal Z001.nd2 - Z=0 C=0_92_30006,28,1,12,328,562,3395,263,false
ER-LD 300uM OA+3 DOM 60x confocal Z001.nd2 - Z=0 C=0_92_30006,28,1,13,328,561,3229,272,false
ER-LD 300uM OA+3 DOM 60x confocal Z001.nd2 - Z=0 C=0_92_30006,28,1,14,328,560,3026,233,false
ER-LD 300uM OA+3 DOM 60x confocal Z001.nd2 - Z=0 C=0_92_30006,28,1,15,328,559,3150,314,false
ER-LD 300uM OA+3 DOM 60x confocal Z001.nd2 - Z=0 C=0_92_30006,28,1,16,328,558,3151,238,false
ER-LD 300uM OA+3 DOM 60x confocal Z001.nd2 - Z=0 C=0_92_30006,28,1,17,328,557,3519,199,false
ER-LD 300uM OA+3 DOM 60x confocal Z001.nd2 - Z=0 C=0_92_30006,28,1,18,329,557,3236,213,false
ER-LD 300uM OA+3 DOM 60x confocal Z001.nd2 - Z=0 C=0_92_30006,28,1,19,329,556,3417,190,false
ER-LD 300uM OA+3 DOM 60x confocal Z001.nd2 - Z=0 C=0_92_30006,28,1,20,330,556,3441,189,false
ER-LD 300uM OA+3 DOM 60x confocal Z001.nd2 - Z=0 C=0_92_30006,28,1,21,331,556,2939,116,false
ER-LD 300uM OA+3 DOM 60x confocal Z001.nd2 - Z=0 C=0_92_30006,28,1,22,332,556,2673,96,false
ER-LD 300uM OA+3 DOM 60x confocal Z001.nd2 - Z=0 C=0_92_30006,28,1,23,333,556,2396,131,false
ER-LD 300uM OA+3 DOM 60x confocal Z001.nd2 - Z=0 C=0_92_30006,28,1,24,334,556,2600,141,false
ER-LD 300uM OA+3 DOM 60x confocal Z001.nd2 - Z=0 C=0_92_30006,28,1,25,334,557,2625,122,false
ER-LD 300uM OA+3 DOM 60x confocal Z001.nd2 - Z=0 C=0_92_30006,28,1,26,335,557,2869,152,false
ER-LD 300uM OA+3 DOM 60x confocal Z001.nd2 - Z=0 C=0_92_30006,28,1,27,335,558,2655,164,false
ER-LD 300uM OA+3 DOM 60x confocal Z001.nd2 - Z=0 C=0_92_30006,28,1,28,335,559,2634,126,false
ER-LD 300uM OA+3 DOM 60x confocal Z001.nd2 - Z=0 C=0_92_30006,28,1,29,336,559,2918,161,false
ER-LD 300uM OA+3 DOM 60x confocal Z001.nd2 - Z=0 C=0_92_30006,29,1,0,343,569,2469,241,false
ER-LD 300uM OA+3 DOM 60x confocal Z001.nd2 - Z=0 C=0_92_30006,29,1,1,343,570,2413,210,false
ER-LD 300uM OA+3 DOM 60x confocal Z001.nd2 - Z=0 C=0_92_30006,29,1,2,343,571,2451,140,false
ER-LD 300uM OA+3 DOM 60x confocal Z001.nd2 - Z=0 C=0_92_30006,29,1,3,343,572,2516,107,false
ER-LD 300uM OA+3 DOM 60x confocal Z001.nd2 - Z=0 C=0_92_30006,29,1,4,342,572,2138,92,false
ER-LD 300uM OA+3 DOM 60x confocal Z001.nd2 - Z=0 C=0_92_30006,29,1,5,342,573,2175,114,false
ER-LD 300uM OA+3 DOM 60x confocal Z001.nd2 - Z=0 C=0_92_30006,29,1,6,342,574,2704,121,false
ER-LD 300uM OA+3 DOM 60x confocal Z001.nd2 - Z=0 C=0_92_30006,29,1,7,341,574,2160,141,false
ER-LD 300uM OA+3 DOM 60x confocal Z001.nd2 - Z=0 C=0_92_30006,29,1,8,340,574,1997,110,false
ER-LD 300uM OA+3 DOM 60x confocal Z001.nd2 - Z=0 C=0_92_30006,29,1,9,340,575,2217,126,false
ER-LD 300uM OA+3 DOM 60x confocal Z001.nd2 - Z=0 C=0_92_30006,29,1,10,339,575,2153,153,false
ER-LD 300uM OA+3 DOM 60x confocal Z001.nd2 - Z=0 C=0_92_30006,29,1,11,338,575,2216,157,false
ER-LD 300uM OA+3 DOM 60x confocal Z001.nd2 - Z=0 C=0_92_30006,29,1,12,337,575,2392,169,false
ER-LD 300uM OA+3 DOM 60x confocal Z001.nd2 - Z=0 C=0_92_30006,29,1,13,336,575,2438,191,false
ER-LD 300uM OA+3 DOM 60x confocal Z001.nd2 - Z=0 C=0_92_30006,29,1,14,335,575,2622,112,false
ER-LD 300uM OA+3 DOM 60x confocal Z001.nd2 - Z=0 C=0_92_30006,29,1,15,335,574,2381,186,false
ER-LD 300uM OA+3 DOM 60x confocal Z001.nd2 - Z=0 C=0_92_30006,29,1,16,334,574,2892,150,false
ER-LD 300uM OA+3 DOM 60x confocal Z001.nd2 - Z=0 C=0_92_30006,29,1,17,333,574,3346,146,false
ER-LD 300uM OA+3 DOM 60x confocal Z001.nd2 - Z=0 C=0_92_30006,29,1,18,333,573,3951,197,false
ER-LD 300uM OA+3 DOM 60x confocal Z001.nd2 - Z=0 C=0_92_30006,29,1,19,332,573,4468,252,false
ER-LD 300uM OA+3 DOM 60x confocal Z001.nd2 - Z=0 C=0_92_30006,29,1,20,332,572,4849,238,false
ER-LD 300uM OA+3 DOM 60x confocal Z001.nd2 - Z=0 C=0_92_30006,29,1,21,332,571,5120,229,false
ER-LD 300uM OA+3 DOM 60x confocal Z001.nd2 - Z=0 C=0_92_30006,29,1,22,332,570,5474,249,false
ER-LD 300uM OA+3 DOM 60x confocal Z001.nd2 - Z=0 C=0_92_30006,29,1,23,332,569,6352,233,false
ER-LD 300uM OA+3 DOM 60x confocal Z001.nd2 - Z=0 C=0_92_30006,29,1,24,332,568,6685,222,false
ER-LD 300uM OA+3 DOM 60x confocal Z001.nd2 - Z=0 C=0_92_30006,29,1,25,332,567,7204,212,false
ER-LD 300uM OA+3 DOM 60x confocal Z001.nd2 - Z=0 C=0_92_30006,29,1,26,333,567,5667,236,false
ER-LD 300uM OA+3 DOM 60x confocal Z001.nd2 - Z=0 C=0_92_30006,29,1,27,333,566,6350,238,false
ER-LD 300uM OA+3 DOM 60x confocal Z001.nd2 - Z=0 C=0_92_30006,29,1,28,334,566,5329,160,false
ER-LD 300uM OA+3 DOM 60x confocal Z001.nd2 - Z=0 C=0_92_30006,29,1,29,334,565,5796,205,false
ER-LD 300uM OA+3 DOM 60x confocal Z001.nd2 - Z=0 C=0_92_30006,29,1,30,335,565,4225,167,false
ER-LD 300uM OA+3 DOM 60x confocal Z001.nd2 - Z=0 C=0_92_30006,29,1,31,335,564,4847,150,true
ER-LD 300uM OA+3 DOM 60x confocal Z001.nd2 - Z=0 C=0_92_30006,29,1,32,336,564,4412,176,false
ER-LD 300uM OA+3 DOM 60x confocal Z001.nd2 - Z=0 C=0_92_30006,29,1,33,337,564,3868,120,false
ER-LD 300uM OA+3 DOM 60x confocal Z001.nd2 - Z=0 C=0_92_30006,29,1,34,338,564,3547,123,false
ER-LD 300uM OA+3 DOM 60x confocal Z001.nd2 - Z=0 C=0_92_30006,29,1,35,339,564,3473,89,false
ER-LD 300uM OA+3 DOM 60x confocal Z001.nd2 - Z=0 C=0_92_30006,29,1,36,340,564,3033,97,false
ER-LD 300uM OA+3 DOM 60x confocal Z001.nd2 - Z=0 C=0_92_30006,29,1,37,341,564,2703,127,false
ER-LD 300uM OA+3 DOM 60x confocal Z001.nd2 - Z=0 C=0_92_30006,29,1,38,341,565,2719,185,false
ER-LD 300uM OA+3 DOM 60x confocal Z001.nd2 - Z=0 C=0_92_30006,29,1,39,342,565,2623,183,false
ER-LD 300uM OA+3 DOM 60x confocal Z001.nd2 - Z=0 C=0_92_30006,29,1,40,342,566,2450,184,false
ER-LD 300uM OA+3 DOM 60x confocal Z001.nd2 - Z=0 C=0_92_30006,29,1,41,343,566,2626,238,false
ER-LD 300uM OA+3 DOM 60x confocal Z001.nd2 - Z=0 C=0_92_30006,29,1,42,343,567,2804,243,false
ER-LD 300uM OA+3 DOM 60x confocal Z001.nd2 - Z=0 C=0_92_30006,29,1,43,343,568,2578,271,false
ER-LD 300uM OA+3 DOM 60x confocal Z001.nd2 - Z=0 C=0_92_30006,33,1,0,483,293,2127,196,false
ER-LD 300uM OA+3 DOM 60x confocal Z001.nd2 - Z=0 C=0_92_30006,33,1,1,483,294,2174,248,false
ER-LD 300uM OA+3 DOM 60x confocal Z001.nd2 - Z=0 C=0_92_30006,33,1,2,483,295,2243,214,false
ER-LD 300uM OA+3 DOM 60x confocal Z001.nd2 - Z=0 C=0_92_30006,33,1,3,483,296,2256,231,false
ER-LD 300uM OA+3 DOM 60x confocal Z001.nd2 - Z=0 C=0_92_30006,33,1,4,483,297,2568,263,false
ER-LD 300uM OA+3 DOM 60x confocal Z001.nd2 - Z=0 C=0_92_30006,33,1,5,482,297,1939,157,false
ER-LD 300uM OA+3 DOM 60x confocal Z001.nd2 - Z=0 C=0_92_30006,33,1,6,482,298,2127,209,false
ER-LD 300uM OA+3 DOM 60x confocal Z001.nd2 - Z=0 C=0_92_30006,33,1,7,482,299,2164,264,false
ER-LD 300uM OA+3 DOM 60x confocal Z001.nd2 - Z=0 C=0_92_30006,33,1,8,481,299,1594,169,false
ER-LD 300uM OA+3 DOM 60x confocal Z001.nd2 - Z=0 C=0_92_30006,33,1,9,481,300,2178,165,false
ER-LD 300uM OA+3 DOM 60x confocal Z001.nd2 - Z=0 C=0_92_30006,33,1,10,481,301,2025,152,false
ER-LD 300uM OA+3 DOM 60x confocal Z001.nd2 - Z=0 C=0_92_30006,33,1,11,480,301,1746,157,false
ER-LD 300uM OA+3 DOM 60x confocal Z001.nd2 - Z=0 C=0_92_30006,33,1,12,480,302,1931,189,false
ER-LD 300uM OA+3 DOM 60x confocal Z001.nd2 - Z=0 C=0_92_30006,33,1,13,479,302,1661,99,false
ER-LD 300uM OA+3 DOM 60x confocal Z001.nd2 - Z=0 C=0_92_30006,33,1,14,479,303,2062,154,false
ER-LD 300uM OA+3 DOM 60x confocal Z001.nd2 - Z=0 C=0_92_30006,33,1,15,478,303,1539,119,false
ER-LD 300uM OA+3 DOM 60x confocal Z001.nd2 - Z=0 C=0_92_30006,33,1,16,478,304,2096,127,false
ER-LD 300uM OA+3 DOM 60x confocal Z001.nd2 - Z=0 C=0_92_30006,33,1,17,477,304,1498,108,false
ER-LD 300uM OA+3 DOM 60x confocal Z001.nd2 - Z=0 C=0_92_30006,33,1,18,476,304,1325,104,false
ER-LD 300uM OA+3 DOM 60x confocal Z001.nd2 - Z=0 C=0_92_30006,33,1,19,476,305,1713,121,false
ER-LD 300uM OA+3 DOM 60x confocal Z001.nd2 - Z=0 C=0_92_30006,33,1,20,475,305,1360,132,false
ER-LD 300uM OA+3 DOM 60x confocal Z001.nd2 - Z=0 C=0_92_30006,33,1,21,475,306,1852,134,false
ER-LD 300uM OA+3 DOM 60x confocal Z001.nd2 - Z=0 C=0_92_30006,33,1,22,474,306,1513,129,false
ER-LD 300uM OA+3 DOM 60x confocal Z001.nd2 - Z=0 C=0_92_30006,33,1,23,473,306,1405,118,false
ER-LD 300uM OA+3 DOM 60x confocal Z001.nd2 - Z=0 C=0_92_30006,33,1,24,473,307,1851,119,false
ER-LD 300uM OA+3 DOM 60x confocal Z001.nd2 - Z=0 C=0_92_30006,33,1,25,472,307,1723,134,false
ER-LD 300uM OA+3 DOM 60x confocal Z001.nd2 - Z=0 C=0_92_30006,33,1,26,471,307,1535,122,false
ER-LD 300uM OA+3 DOM 60x confocal Z001.nd2 - Z=0 C=0_92_30006,33,1,27,471,308,2029,182,false
ER-LD 300uM OA+3 DOM 60x confocal Z001.nd2 - Z=0 C=0_92_30006,33,1,28,470,308,1901,136,false
ER-LD 300uM OA+3 DOM 60x confocal Z001.nd2 - Z=0 C=0_92_30006,33,1,29,469,308,1966,138,false
ER-LD 300uM OA+3 DOM 60x confocal Z001.nd2 - Z=0 C=0_92_30006,33,1,30,468,308,1771,185,false
ER-LD 300uM OA+3 DOM 60x confocal Z001.nd2 - Z=0 C=0_92_30006,33,1,31,467,308,1899,106,false
ER-LD 300uM OA+3 DOM 60x confocal Z001.nd2 - Z=0 C=0_92_30006,33,1,32,466,308,1992,99,false
ER-LD 300uM OA+3 DOM 60x confocal Z001.nd2 - Z=0 C=0_92_30006,33,1,33,465,308,2117,110,false
ER-LD 300uM OA+3 DOM 60x confocal Z001.nd2 - Z=0 C=0_92_30006,33,1,34,464,308,2313,131,false
ER-LD 300uM OA+3 DOM 60x confocal Z001.nd2 - Z=0 C=0_92_30006,33,1,35,463,308,2261,102,false
ER-LD 300uM OA+3 DOM 60x confocal Z001.nd2 - Z=0 C=0_92_30006,33,1,36,463,307,2157,108,false
ER-LD 300uM OA+3 DOM 60x confocal Z001.nd2 - Z=0 C=0_92_30006,33,1,37,462,307,2347,70,false
ER-LD 300uM OA+3 DOM 60x confocal Z001.nd2 - Z=0 C=0_92_30006,33,1,38,461,307,2550,103,false
ER-LD 300uM OA+3 DOM 60x confocal Z001.nd2 - Z=0 C=0_92_30006,33,1,39,461,306,2323,106,false
ER-LD 300uM OA+3 DOM 60x confocal Z001.nd2 - Z=0 C=0_92_30006,33,1,40,460,306,2507,148,false
ER-LD 300uM OA+3 DOM 60x confocal Z001.nd2 - Z=0 C=0_92_30006,33,1,41,459,306,2782,83,false
ER-LD 300uM OA+3 DOM 60x confocal Z001.nd2 - Z=0 C=0_92_30006,33,1,42,459,305,2507,104,false
ER-LD 300uM OA+3 DOM 60x confocal Z001.nd2 - Z=0 C=0_92_30006,33,1,43,458,305,2693,108,false
ER-LD 300uM OA+3 DOM 60x confocal Z001.nd2 - Z=0 C=0_92_30006,33,1,44,457,305,3351,112,false
ER-LD 300uM OA+3 DOM 60x confocal Z001.nd2 - Z=0 C=0_92_30006,33,1,45,457,304,3122,87,false
ER-LD 300uM OA+3 DOM 60x confocal Z001.nd2 - Z=0 C=0_92_30006,33,1,46,456,304,3802,131,false
ER-LD 300uM OA+3 DOM 60x confocal Z001.nd2 - Z=0 C=0_92_30006,33,1,47,456,303,3753,81,false
ER-LD 300uM OA+3 DOM 60x confocal Z001.nd2 - Z=0 C=0_92_30006,33,1,48,455,303,4319,97,false
ER-LD 300uM OA+3 DOM 60x confocal Z001.nd2 - Z=0 C=0_92_30006,33,1,49,455,302,4051,84,false
ER-LD 300uM OA+3 DOM 60x confocal Z001.nd2 - Z=0 C=0_92_30006,33,1,50,454,302,4185,106,false
ER-LD 300uM OA+3 DOM 60x confocal Z001.nd2 - Z=0 C=0_92_30006,33,1,51,454,301,3934,94,false
ER-LD 300uM OA+3 DOM 60x confocal Z001.nd2 - Z=0 C=0_92_30006,33,1,52,454,300,3571,116,false
ER-LD 300uM OA+3 DOM 60x confocal Z001.nd2 - Z=0 C=0_92_30006,33,1,53,454,299,3441,128,false
ER-LD 300uM OA+3 DOM 60x confocal Z001.nd2 - Z=0 C=0_92_30006,33,1,54,454,298,2979,63,false
ER-LD 300uM OA+3 DOM 60x confocal Z001.nd2 - Z=0 C=0_92_30006,33,1,55,454,297,3034,81,false
ER-LD 300uM OA+3 DOM 60x confocal Z001.nd2 - Z=0 C=0_92_30006,33,1,56,454,296,3162,118,false
ER-LD 300uM OA+3 DOM 60x confocal Z001.nd2 - Z=0 C=0_92_30006,33,1,57,454,295,2844,71,false
ER-LD 300uM OA+3 DOM 60x confocal Z001.nd2 - Z=0 C=0_92_30006,33,1,58,454,294,2812,98,false
ER-LD 300uM OA+3 DOM 60x confocal Z001.nd2 - Z=0 C=0_92_30006,33,1,59,454,293,2660,113,false
ER-LD 300uM OA+3 DOM 60x confocal Z001.nd2 - Z=0 C=0_92_30006,33,1,60,454,292,2937,89,false
ER-LD 300uM OA+3 DOM 60x confocal Z001.nd2 - Z=0 C=0_92_30006,33,1,61,454,291,2917,81,false
ER-LD 300uM OA+3 DOM 60x confocal Z001.nd2 - Z=0 C=0_92_30006,33,1,62,454,290,3157,133,false
ER-LD 300uM OA+3 DOM 60x confocal Z001.nd2 - Z=0 C=0_92_30006,33,1,63,455,290,2296,52,false
ER-LD 300uM OA+3 DOM 60x confocal Z001.nd2 - Z=0 C=0_92_30006,33,1,64,455,289,2568,76,false
ER-LD 300uM OA+3 DOM 60x confocal Z001.nd2 - Z=0 C=0_92_30006,33,1,65,455,288,2869,81,false
ER-LD 300uM OA+3 DOM 60x confocal Z001.nd2 - Z=0 C=0_92_30006,33,1,66,455,287,3341,71,false
ER-LD 300uM OA+3 DOM 60x confocal Z001.nd2 - Z=0 C=0_92_30006,33,1,67,456,287,2670,79,false
ER-LD 300uM OA+3 DOM 60x confocal Z001.nd2 - Z=0 C=0_92_30006,33,1,68,456,286,3218,120,false
ER-LD 300uM OA+3 DOM 60x confocal Z001.nd2 - Z=0 C=0_92_30006,33,1,69,456,285,4021,114,false
ER-LD 300uM OA+3 DOM 60x confocal Z001.nd2 - Z=0 C=0_92_30006,33,1,70,457,285,3013,59,false
ER-LD 300uM OA+3 DOM 60x confocal Z001.nd2 - Z=0 C=0_92_30006,33,1,71,457,284,3823,76,false
ER-LD 300uM OA+3 DOM 60x confocal Z001.nd2 - Z=0 C=0_92_30006,33,1,72,458,284,2710,73,false
ER-LD 300uM OA+3 DOM 60x confocal Z001.nd2 - Z=0 C=0_92_30006,33,1,73,458,283,3852,73,false
ER-LD 300uM OA+3 DOM 60x confocal Z001.nd2 - Z=0 C=0_92_30006,33,1,74,459,283,2709,46,false
ER-LD 300uM OA+3 DOM 60x confocal Z001.nd2 - Z=0 C=0_92_30006,33,1,75,459,282,3568,47,false
ER-LD 300uM OA+3 DOM 60x confocal Z001.nd2 - Z=0 C=0_92_30006,33,1,76,460,282,2551,68,false
ER-LD 300uM OA+3 DOM 60x confocal Z001.nd2 - Z=0 C=0_92_30006,33,1,77,460,281,3384,75,false
ER-LD 300uM OA+3 DOM 60x confocal Z001.nd2 - Z=0 C=0_92_30006,33,1,78,461,281,2646,57,false
ER-LD 300uM OA+3 DOM 60x confocal Z001.nd2 - Z=0 C=0_92_30006,33,1,79,462,281,2026,57,false
ER-LD 300uM OA+3 DOM 60x confocal Z001.nd2 - Z=0 C=0_92_30006,33,1,80,462,280,2631,75,false
ER-LD 300uM OA+3 DOM 60x confocal Z001.nd2 - Z=0 C=0_92_30006,33,1,81,463,280,2333,69,false
ER-LD 300uM OA+3 DOM 60x confocal Z001.nd2 - Z=0 C=0_92_30006,33,1,82,463,279,2922,96,false
ER-LD 300uM OA+3 DOM 60x confocal Z001.nd2 - Z=0 C=0_92_30006,33,1,83,464,279,2501,82,false
ER-LD 300uM OA+3 DOM 60x confocal Z001.nd2 - Z=0 C=0_92_30006,33,1,84,465,279,2363,62,false
ER-LD 300uM OA+3 DOM 60x confocal Z001.nd2 - Z=0 C=0_92_30006,33,1,85,465,278,3063,90,false
ER-LD 300uM OA+3 DOM 60x confocal Z001.nd2 - Z=0 C=0_92_30006,33,1,86,466,278,2966,77,false
ER-LD 300uM OA+3 DOM 60x confocal Z001.nd2 - Z=0 C=0_92_30006,33,1,87,467,278,2627,70,false
ER-LD 300uM OA+3 DOM 60x confocal Z001.nd2 - Z=0 C=0_92_30006,33,1,88,468,278,2596,85,false
ER-LD 300uM OA+3 DOM 60x confocal Z001.nd2 - Z=0 C=0_92_30006,33,1,89,468,277,3166,116,false
ER-LD 300uM OA+3 DOM 60x confocal Z001.nd2 - Z=0 C=0_92_30006,33,1,90,469,277,2803,90,false
ER-LD 300uM OA+3 DOM 60x confocal Z001.nd2 - Z=0 C=0_92_30006,33,1,91,470,277,2773,96,false
ER-LD 300uM OA+3 DOM 60x confocal Z001.nd2 - Z=0 C=0_92_30006,33,1,92,471,277,2764,93,false
ER-LD 300uM OA+3 DOM 60x confocal Z001.nd2 - Z=0 C=0_92_30006,33,1,93,472,277,2640,106,false
ER-LD 300uM OA+3 DOM 60x confocal Z001.nd2 - Z=0 C=0_92_30006,33,1,94,472,278,2523,69,false
ER-LD 300uM OA+3 DOM 60x confocal Z001.nd2 - Z=0 C=0_92_30006,33,1,95,473,278,2422,66,false
ER-LD 300uM OA+3 DOM 60x confocal Z001.nd2 - Z=0 C=0_92_30006,33,1,96,473,279,2225,60,false
ER-LD 300uM OA+3 DOM 60x confocal Z001.nd2 - Z=0 C=0_92_30006,33,1,97,474,279,2306,78,false
ER-LD 300uM OA+3 DOM 60x confocal Z001.nd2 - Z=0 C=0_92_30006,33,1,98,475,279,2157,94,false
ER-LD 300uM OA+3 DOM 60x confocal Z001.nd2 - Z=0 C=0_92_30006,33,1,99,475,280,1841,121,false
ER-LD 300uM OA+3 DOM 60x confocal Z001.nd2 - Z=0 C=0_92_30006,33,1,100,476,280,1979,100,false
ER-LD 300uM OA+3 DOM 60x confocal Z001.nd2 - Z=0 C=0_92_30006,33,1,101,476,281,1742,157,false
ER-LD 300uM OA+3 DOM 60x confocal Z001.nd2 - Z=0 C=0_92_30006,33,1,102,477,281,1934,173,false
ER-LD 300uM OA+3 DOM 60x confocal Z001.nd2 - Z=0 C=0_92_30006,33,1,103,478,281,2143,175,false
ER-LD 300uM OA+3 DOM 60x confocal Z001.nd2 - Z=0 C=0_92_30006,33,1,104,478,282,1986,171,false
ER-LD 300uM OA+3 DOM 60x confocal Z001.nd2 - Z=0 C=0_92_30006,33,1,105,479,282,2209,146,false
ER-LD 300uM OA+3 DOM 60x confocal Z001.nd2 - Z=0 C=0_92_30006,33,1,106,479,283,1985,173,false
ER-LD 300uM OA+3 DOM 60x confocal Z001.nd2 - Z=0 C=0_92_30006,33,1,107,480,283,2274,159,false
ER-LD 300uM OA+3 DOM 60x confocal Z001.nd2 - Z=0 C=0_92_30006,33,1,108,480,284,2026,227,false
ER-LD 300uM OA+3 DOM 60x confocal Z001.nd2 - Z=0 C=0_92_30006,33,1,109,480,285,1892,119,false
ER-LD 300uM OA+3 DOM 60x confocal Z001.nd2 - Z=0 C=0_92_30006,33,1,110,481,285,2092,157,false
ER-LD 300uM OA+3 DOM 60x confocal Z001.nd2 - Z=0 C=0_92_30006,33,1,111,481,286,1731,112,false
ER-LD 300uM OA+3 DOM 60x confocal Z001.nd2 - Z=0 C=0_92_30006,33,1,112,481,287,1766,96,false
ER-LD 300uM OA+3 DOM 60x confocal Z001.nd2 - Z=0 C=0_92_30006,33,1,113,482,287,1891,97,false
ER-LD 300uM OA+3 DOM 60x confocal Z001.nd2 - Z=0 C=0_92_30006,33,1,114,482,288,1770,85,false
ER-LD 300uM OA+3 DOM 60x confocal Z001.nd2 - Z=0 C=0_92_30006,33,1,115,482,289,1502,67,false
ER-LD 300uM OA+3 DOM 60x confocal Z001.nd2 - Z=0 C=0_92_30006,33,1,116,483,289,1914,111,false
ER-LD 300uM OA+3 DOM 60x confocal Z001.nd2 - Z=0 C=0_92_30006,33,1,117,483,290,1953,128,false
ER-LD 300uM OA+3 DOM 60x confocal Z001.nd2 - Z=0 C=0_92_30006,33,1,118,483,291,2062,101,false
ER-LD 300uM OA+3 DOM 60x confocal Z001.nd2 - Z=0 C=0_92_30006,33,1,119,483,292,1971,118,false
ER-LD 300uM OA+3 DOM 60x confocal Z001.nd2 - Z=0 C=0_92_30006,35,1,0,480,231,956,59,false
ER-LD 300uM OA+3 DOM 60x confocal Z001.nd2 - Z=0 C=0_92_30006,35,1,1,480,232,1044,54,false
ER-LD 300uM OA+3 DOM 60x confocal Z001.nd2 - Z=0 C=0_92_30006,35,1,2,480,233,1080,42,false
ER-LD 300uM OA+3 DOM 60x confocal Z001.nd2 - Z=0 C=0_92_30006,35,1,3,480,234,1088,57,false
ER-LD 300uM OA+3 DOM 60x confocal Z001.nd2 - Z=0 C=0_92_30006,35,1,4,479,234,1112,46,false
ER-LD 300uM OA+3 DOM 60x confocal Z001.nd2 - Z=0 C=0_92_30006,35,1,5,478,234,1010,74,false
ER-LD 300uM OA+3 DOM 60x confocal Z001.nd2 - Z=0 C=0_92_30006,35,1,6,477,234,1089,45,false
ER-LD 300uM OA+3 DOM 60x confocal Z001.nd2 - Z=0 C=0_92_30006,35,1,7,476,234,962,63,false
ER-LD 300uM OA+3 DOM 60x confocal Z001.nd2 - Z=0 C=0_92_30006,35,1,8,475,234,1055,75,false
ER-LD 300uM OA+3 DOM 60x confocal Z001.nd2 - Z=0 C=0_92_30006,35,1,9,475,233,1141,77,false
ER-LD 300uM OA+3 DOM 60x confocal Z001.nd2 - Z=0 C=0_92_30006,35,1,10,475,232,1051,36,false
ER-LD 300uM OA+3 DOM 60x confocal Z001.nd2 - Z=0 C=0_92_30006,35,1,11,475,231,1011,39,false
ER-LD 300uM OA+3 DOM 60x confocal Z001.nd2 - Z=0 C=0_92_30006,35,1,12,475,230,989,55,false
ER-LD 300uM OA+3 DOM 60x confocal Z001.nd2 - Z=0 C=0_92_30006,35,1,13,475,229,1218,57,false
ER-LD 300uM OA+3 DOM 60x confocal Z001.nd2 - Z=0 C=0_92_30006,35,1,14,475,228,1225,44,false
ER-LD 300uM OA+3 DOM 60x confocal Z001.nd2 - Z=0 C=0_92_30006,35,1,15,476,228,1190,33,false
ER-LD 300uM OA+3 DOM 60x confocal Z001.nd2 - Z=0 C=0_92_30006,35,1,16,477,228,1113,35,false
ER-LD 300uM OA+3 DOM 60x confocal Z001.nd2 - Z=0 C=0_92_30006,35,1,17,478,228,948,30,false
ER-LD 300uM OA+3 DOM 60x confocal Z001.nd2 - Z=0 C=0_92_30006,35,1,18,479,228,1141,50,false
ER-LD 300uM OA+3 DOM 60x confocal Z001.nd2 - Z=0 C=0_92_30006,35,1,19,479,229,974,53,false
ER-LD 300uM OA+3 DOM 60x confocal Z001.nd2 - Z=0 C=0_92_30006,35,1,20,480,229,907,54,false
ER-LD 300uM OA+3 DOM 60x confocal Z001.nd2 - Z=0 C=0_92_30006,35,1,21,480,230,1048,34,false
ER-LD 300uM OA+3 DOM 60x confocal Z001.nd2 - Z=0 C=0_92_30006,38,1,0,495,254,2058,53,false
ER-LD 300uM OA+3 DOM 60x confocal Z001.nd2 - Z=0 C=0_92_30006,38,1,1,495,255,2058,55,false
ER-LD 300uM OA+3 DOM 60x confocal Z001.nd2 - Z=0 C=0_92_30006,38,1,2,495,256,1850,97,false
ER-LD 300uM OA+3 DOM 60x confocal Z001.nd2 - Z=0 C=0_92_30006,38,1,3,495,257,1749,95,false
ER-LD 300uM OA+3 DOM 60x confocal Z001.nd2 - Z=0 C=0_92_30006,38,1,4,495,258,1967,76,false
ER-LD 300uM OA+3 DOM 60x confocal Z001.nd2 - Z=0 C=0_92_30006,38,1,5,494,258,1699,73,false
ER-LD 300uM OA+3 DOM 60x confocal Z001.nd2 - Z=0 C=0_92_30006,38,1,6,494,259,2023,62,false
ER-LD 300uM OA+3 DOM 60x confocal Z001.nd2 - Z=0 C=0_92_30006,38,1,7,493,259,1825,88,false
ER-LD 300uM OA+3 DOM 60x confocal Z001.nd2 - Z=0 C=0_92_30006,38,1,8,492,259,1926,80,false
ER-LD 300uM OA+3 DOM 60x confocal Z001.nd2 - Z=0 C=0_92_30006,38,1,9,491,259,1729,68,false
ER-LD 300uM OA+3 DOM 60x confocal Z001.nd2 - Z=0 C=0_92_30006,38,1,10,491,260,2173,108,false
ER-LD 300uM OA+3 DOM 60x confocal Z001.nd2 - Z=0 C=0_92_30006,38,1,11,490,260,2312,87,false
ER-LD 300uM OA+3 DOM 60x confocal Z001.nd2 - Z=0 C=0_92_30006,38,1,12,489,260,2468,89,false
ER-LD 300uM OA+3 DOM 60x confocal Z001.nd2 - Z=0 C=0_92_30006,38,1,13,488,260,2778,111,false
ER-LD 300uM OA+3 DOM 60x confocal Z001.nd2 - Z=0 C=0_92_30006,38,1,14,487,260,2761,112,false
ER-LD 300uM OA+3 DOM 60x confocal Z001.nd2 - Z=0 C=0_92_30006,38,1,15,487,259,2365,108,false
ER-LD 300uM OA+3 DOM 60x confocal Z001.nd2 - Z=0 C=0_92_30006,38,1,16,486,259,2598,81,false
ER-LD 300uM OA+3 DOM 60x confocal Z001.nd2 - Z=0 C=0_92_30006,38,1,17,485,259,2377,53,false
ER-LD 300uM OA+3 DOM 60x confocal Z001.nd2 - Z=0 C=0_92_30006,38,1,18,485,258,2143,77,false
ER-LD 300uM OA+3 DOM 60x confocal Z001.nd2 - Z=0 C=0_92_30006,38,1,19,485,257,1995,77,false
ER-LD 300uM OA+3 DOM 60x confocal Z001.nd2 - Z=0 C=0_92_30006,38,1,20,485,256,1942,68,false
ER-LD 300uM OA+3 DOM 60x confocal Z001.nd2 - Z=0 C=0_92_30006,38,1,21,485,255,1826,70,false
ER-LD 300uM OA+3 DOM 60x confocal Z001.nd2 - Z=0 C=0_92_30006,38,1,22,485,254,1724,53,false
ER-LD 300uM OA+3 DOM 60x confocal Z001.nd2 - Z=0 C=0_92_30006,38,1,23,485,253,1833,55,false
ER-LD 300uM OA+3 DOM 60x confocal Z001.nd2 - Z=0 C=0_92_30006,38,1,24,485,252,1877,46,false
ER-LD 300uM OA+3 DOM 60x confocal Z001.nd2 - Z=0 C=0_92_30006,38,1,25,485,251,2010,52,false
ER-LD 300uM OA+3 DOM 60x confocal Z001.nd2 - Z=0 C=0_92_30006,38,1,26,486,251,1712,76,false
ER-LD 300uM OA+3 DOM 60x confocal Z001.nd2 - Z=0 C=0_92_30006,38,1,27,486,250,1936,52,false
ER-LD 300uM OA+3 DOM 60x confocal Z001.nd2 - Z=0 C=0_92_30006,38,1,28,487,250,1637,60,false
ER-LD 300uM OA+3 DOM 60x confocal Z001.nd2 - Z=0 C=0_92_30006,38,1,29,487,249,1979,55,false
ER-LD 300uM OA+3 DOM 60x confocal Z001.nd2 - Z=0 C=0_92_30006,38,1,30,488,249,1854,55,false
ER-LD 300uM OA+3 DOM 60x confocal Z001.nd2 - Z=0 C=0_92_30006,38,1,31,489,249,1793,45,false
ER-LD 300uM OA+3 DOM 60x confocal Z001.nd2 - Z=0 C=0_92_30006,38,1,32,490,249,1802,52,false
ER-LD 300uM OA+3 DOM 60x confocal Z001.nd2 - Z=0 C=0_92_30006,38,1,33,491,249,1748,80,false
ER-LD 300uM OA+3 DOM 60x confocal Z001.nd2 - Z=0 C=0_92_30006,38,1,34,492,249,1735,55,false
ER-LD 300uM OA+3 DOM 60x confocal Z001.nd2 - Z=0 C=0_92_30006,38,1,35,493,249,2193,107,false
ER-LD 300uM OA+3 DOM 60x confocal Z001.nd2 - Z=0 C=0_92_30006,38,1,36,493,250,1792,44,false
ER-LD 300uM OA+3 DOM 60x confocal Z001.nd2 - Z=0 C=0_92_30006,38,1,37,494,250,2019,82,false
ER-LD 300uM OA+3 DOM 60x confocal Z001.nd2 - Z=0 C=0_92_30006,38,1,38,494,251,2035,67,false
ER-LD 300uM OA+3 DOM 60x confocal Z001.nd2 - Z=0 C=0_92_30006,38,1,39,494,252,1835,112,false
ER-LD 300uM OA+3 DOM 60x confocal Z001.nd2 - Z=0 C=0_92_30006,38,1,40,495,252,2333,82,false
ER-LD 300uM OA+3 DOM 60x confocal Z001.nd2 - Z=0 C=0_92_30006,38,1,41,495,253,2035,44,false
ER-LD 300uM OA+3 DOM 60x confocal Z001.nd2 - Z=0 C=0_92_30006,46,1,0,531,243,2015,103,false
ER-LD 300uM OA+3 DOM 60x confocal Z001.nd2 - Z=0 C=0_92_30006,46,1,1,531,244,2361,54,false
ER-LD 300uM OA+3 DOM 60x confocal Z001.nd2 - Z=0 C=0_92_30006,46,1,2,531,245,2598,58,false
ER-LD 300uM OA+3 DOM 60x confocal Z001.nd2 - Z=0 C=0_92_30006,46,1,3,531,246,3069,63,false
ER-LD 300uM OA+3 DOM 60x confocal Z001.nd2 - Z=0 C=0_92_30006,46,1,4,531,247,3913,94,false
ER-LD 300uM OA+3 DOM 60x confocal Z001.nd2 - Z=0 C=0_92_30006,46,1,5,531,248,4144,128,false
ER-LD 300uM OA+3 DOM 60x confocal Z001.nd2 - Z=0 C=0_92_30006,46,1,6,530,248,2768,122,false
ER-LD 300uM OA+3 DOM 60x confocal Z001.nd2 - Z=0 C=0_92_30006,46,1,7,530,249,3527,127,false
ER-LD 300uM OA+3 DOM 60x confocal Z001.nd2 - Z=0 C=0_92_30006,46,1,8,529,249,2491,135,false
ER-LD 300uM OA+3 DOM 60x confocal Z001.nd2 - Z=0 C=0_92_30006,46,1,9,529,250,2892,129,false
ER-LD 300uM OA+3 DOM 60x confocal Z001.nd2 - Z=0 C=0_92_30006,46,1,10,528,250,2214,221,false
ER-LD 300uM OA+3 DOM 60x confocal Z001.nd2 - Z=0 C=0_92_30006,46,1,11,528,251,2603,163,false
ER-LD 300uM OA+3 DOM 60x confocal Z001.nd2 - Z=0 C=0_92_30006,46,1,12,527,251,2148,151,false
ER-LD 300uM OA+3 DOM 60x confocal Z001.nd2 - Z=0 C=0_92_30006,46,1,13,526,251,2191,140,false
ER-LD 300uM OA+3 DOM 60x confocal Z001.nd2 - Z=0 C=0_92_30006,46,1,14,525,251,2073,123,false
ER-LD 300uM OA+3 DOM 60x confocal Z001.nd2 - Z=0 C=0_92_30006,46,1,15,524,251,1932,147,false
ER-LD 300uM OA+3 DOM 60x confocal Z001.nd2 - Z=0 C=0_92_30006,46,1,16,524,250,1552,150,false
ER-LD 300uM OA+3 DOM 60x confocal Z001.nd2 - Z=0 C=0_92_30006,46,1,17,523,250,1694,142,false
ER-LD 300uM OA+3 DOM 60x confocal Z001.nd2 - Z=0 C=0_92_30006,46,1,18,522,250,1858,130,false
ER-LD 300uM OA+3 DOM 60x confocal Z001.nd2 - Z=0 C=0_92_30006,46,1,19,521,250,2196,157,false
ER-LD 300uM OA+3 DOM 60x confocal Z001.nd2 - Z=0 C=0_92_30006,46,1,20,520,250,2352,203,false
ER-LD 300uM OA+3 DOM 60x confocal Z001.nd2 - Z=0 C=0_92_30006,46,1,21,520,249,2419,150,false
ER-LD 300uM OA+3 DOM 60x confocal Z001.nd2 - Z=0 C=0_92_30006,46,1,22,519,249,3077,151,false
ER-LD 300uM OA+3 DOM 60x confocal Z001.nd2 - Z=0 C=0_92_30006,46,1,23,518,249,3389,184,false
ER-LD 300uM OA+3 DOM 60x confocal Z001.nd2 - Z=0 C=0_92_30006,46,1,24,518,248,3823,146,false
ER-LD 300uM OA+3 DOM 60x confocal Z001.nd2 - Z=0 C=0_92_30006,46,1,25,517,248,4323,173,false
ER-LD 300uM OA+3 DOM 60x confocal Z001.nd2 - Z=0 C=0_92_30006,46,1,26,517,247,4009,107,false
ER-LD 300uM OA+3 DOM 60x confocal Z001.nd2 - Z=0 C=0_92_30006,46,1,27,517,246,3725,102,false
ER-LD 300uM OA+3 DOM 60x confocal Z001.nd2 - Z=0 C=0_92_30006,46,1,28,517,245,3215,117,false
ER-LD 300uM OA+3 DOM 60x confocal Z001.nd2 - Z=0 C=0_92_30006,46,1,29,517,244,2875,137,false
ER-LD 300uM OA+3 DOM 60x confocal Z001.nd2 - Z=0 C=0_92_30006,46,1,30,517,243,2688,157,false
ER-LD 300uM OA+3 DOM 60x confocal Z001.nd2 - Z=0 C=0_92_30006,46,1,31,517,242,2431,121,false
ER-LD 300uM OA+3 DOM 60x confocal Z001.nd2 - Z=0 C=0_92_30006,46,1,32,517,241,2427,142,false
ER-LD 300uM OA+3 DOM 60x confocal Z001.nd2 - Z=0 C=0_92_30006,46,1,33,517,240,2358,167,false
ER-LD 300uM OA+3 DOM 60x confocal Z001.nd2 - Z=0 C=0_92_30006,46,1,34,517,239,2734,169,false
ER-LD 300uM OA+3 DOM 60x confocal Z001.nd2 - Z=0 C=0_92_30006,46,1,35,517,238,2369,110,false
ER-LD 300uM OA+3 DOM 60x confocal Z001.nd2 - Z=0 C=0_92_30006,46,1,36,518,238,2665,173,false
ER-LD 300uM OA+3 DOM 60x confocal Z001.nd2 - Z=0 C=0_92_30006,46,1,37,518,237,2408,145,false
ER-LD 300uM OA+3 DOM 60x confocal Z001.nd2 - Z=0 C=0_92_30006,46,1,38,519,237,2445,121,false
ER-LD 300uM OA+3 DOM 60x confocal Z001.nd2 - Z=0 C=0_92_30006,46,1,39,520,237,2242,155,false
ER-LD 300uM OA+3 DOM 60x confocal Z001.nd2 - Z=0 C=0_92_30006,46,1,40,520,236,2543,172,false
ER-LD 300uM OA+3 DOM 60x confocal Z001.nd2 - Z=0 C=0_92_30006,46,1,41,521,236,2635,133,false
ER-LD 300uM OA+3 DOM 60x confocal Z001.nd2 - Z=0 C=0_92_30006,46,1,42,522,236,2192,118,false
ER-LD 300uM OA+3 DOM 60x confocal Z001.nd2 - Z=0 C=0_92_30006,46,1,43,522,235,2603,115,false
ER-LD 300uM OA+3 DOM 60x confocal Z001.nd2 - Z=0 C=0_92_30006,46,1,44,523,235,2773,117,false
ER-LD 300uM OA+3 DOM 60x confocal Z001.nd2 - Z=0 C=0_92_30006,46,1,45,524,235,2772,97,false
ER-LD 300uM OA+3 DOM 60x confocal Z001.nd2 - Z=0 C=0_92_30006,46,1,46,525,235,3144,128,false
ER-LD 300uM OA+3 DOM 60x confocal Z001.nd2 - Z=0 C=0_92_30006,46,1,47,526,235,3152,128,false
ER-LD 300uM OA+3 DOM 60x confocal Z001.nd2 - Z=0 C=0_92_30006,46,1,48,527,235,3455,85,false
ER-LD 300uM OA+3 DOM 60x confocal Z001.nd2 - Z=0 C=0_92_30006,46,1,49,528,235,3716,145,false
ER-LD 300uM OA+3 DOM 60x confocal Z001.nd2 - Z=0 C=0_92_30006,46,1,50,528,236,3341,142,false
ER-LD 300uM OA+3 DOM 60x confocal Z001.nd2 - Z=0 C=0_92_30006,46,1,51,529,236,3056,89,false
ER-LD 300uM OA+3 DOM 60x confocal Z001.nd2 - Z=0 C=0_92_30006,46,1,52,530,236,3352,102,false
ER-LD 300uM OA+3 DOM 60x confocal Z001.nd2 - Z=0 C=0_92_30006,46,1,53,530,237,3021,110,false
ER-LD 300uM OA+3 DOM 60x confocal Z001.nd2 - Z=0 C=0_92_30006,46,1,54,530,238,2631,87,false
ER-LD 300uM OA+3 DOM 60x confocal Z001.nd2 - Z=0 C=0_92_30006,46,1,55,531,238,3026,98,false
ER-LD 300uM OA+3 DOM 60x confocal Z001.nd2 - Z=0 C=0_92_30006,46,1,56,531,239,2453,70,false
ER-LD 300uM OA+3 DOM 60x confocal Z001.nd2 - Z=0 C=0_92_30006,46,1,57,531,240,2084,68,false
ER-LD 300uM OA+3 DOM 60x confocal Z001.nd2 - Z=0 C=0_92_30006,46,1,58,531,241,1994,80,false
ER-LD 300uM OA+3 DOM 60x confocal Z001.nd2 - Z=0 C=0_92_30006,46,1,59,531,242,1866,62,false
ER-LD 300uM OA+3 DOM 60x confocal Z001.nd2 - Z=0 C=0_92_30006,47,1,0,531,524,2290,45,false
ER-LD 300uM OA+3 DOM 60x confocal Z001.nd2 - Z=0 C=0_92_30006,47,1,1,531,525,2417,55,false
ER-LD 300uM OA+3 DOM 60x confocal Z001.nd2 - Z=0 C=0_92_30006,47,1,2,531,526,2534,55,false
ER-LD 300uM OA+3 DOM 60x confocal Z001.nd2 - Z=0 C=0_92_30006,47,1,3,530,526,1778,54,false
ER-LD 300uM OA+3 DOM 60x confocal Z001.nd2 - Z=0 C=0_92_30006,47,1,4,530,527,1969,52,false
ER-LD 300uM OA+3 DOM 60x confocal Z001.nd2 - Z=0 C=0_92_30006,47,1,5,530,528,2233,71,false
ER-LD 300uM OA+3 DOM 60x confocal Z001.nd2 - Z=0 C=0_92_30006,47,1,6,530,529,2226,141,false
ER-LD 300uM OA+3 DOM 60x confocal Z001.nd2 - Z=0 C=0_92_30006,47,1,7,529,529,1834,78,false
ER-LD 300uM OA+3 DOM 60x confocal Z001.nd2 - Z=0 C=0_92_30006,47,1,8,529,530,2149,105,false
ER-LD 300uM OA+3 DOM 60x confocal Z001.nd2 - Z=0 C=0_92_30006,47,1,9,528,530,2086,97,false
ER-LD 300uM OA+3 DOM 60x confocal Z001.nd2 - Z=0 C=0_92_30006,47,1,10,527,530,1832,83,false
ER-LD 300uM OA+3 DOM 60x confocal Z001.nd2 - Z=0 C=0_92_30006,47,1,11,526,530,1778,119,false
ER-LD 300uM OA+3 DOM 60x confocal Z001.nd2 - Z=0 C=0_92_30006,47,1,12,525,530,1748,61,false
ER-LD 300uM OA+3 DOM 60x confocal Z001.nd2 - Z=0 C=0_92_30006,47,1,13,525,531,1921,118,false
ER-LD 300uM OA+3 DOM 60x confocal Z001.nd2 - Z=0 C=0_92_30006,47,1,14,524,531,2099,138,false
ER-LD 300uM OA+3 DOM 60x confocal Z001.nd2 - Z=0 C=0_92_30006,47,1,15,523,531,2027,128,false
ER-LD 300uM OA+3 DOM 60x confocal Z001.nd2 - Z=0 C=0_92_30006,47,1,16,523,530,1679,74,false
ER-LD 300uM OA+3 DOM 60x confocal Z001.nd2 - Z=0 C=0_92_30006,47,1,17,522,530,2003,70,false
ER-LD 300uM OA+3 DOM 60x confocal Z001.nd2 - Z=0 C=0_92_30006,47,1,18,521,530,2400,89,false
ER-LD 300uM OA+3 DOM 60x confocal Z001.nd2 - Z=0 C=0_92_30006,47,1,19,520,530,3330,104,false
ER-LD 300uM OA+3 DOM 60x confocal Z001.nd2 - Z=0 C=0_92_30006,47,1,20,520,529,2696,61,false
ER-LD 300uM OA+3 DOM 60x confocal Z001.nd2 - Z=0 C=0_92_30006,47,1,21,520,528,2016,88,false
ER-LD 300uM OA+3 DOM 60x confocal Z001.nd2 - Z=0 C=0_92_30006,47,1,22,519,528,2854,75,false
ER-LD 300uM OA+3 DOM 60x confocal Z001.nd2 - Z=0 C=0_92_30006,47,1,23,518,528,3721,76,false
ER-LD 300uM OA+3 DOM 60x confocal Z001.nd2 - Z=0 C=0_92_30006,47,1,24,518,527,2903,111,false
ER-LD 300uM OA+3 DOM 60x confocal Z001.nd2 - Z=0 C=0_92_30006,47,1,25,517,527,3441,91,false
ER-LD 300uM OA+3 DOM 60x confocal Z001.nd2 - Z=0 C=0_92_30006,47,1,26,517,526,2920,95,false
ER-LD 300uM OA+3 DOM 60x confocal Z001.nd2 - Z=0 C=0_92_30006,47,1,27,517,525,2596,70,false
ER-LD 300uM OA+3 DOM 60x confocal Z001.nd2 - Z=0 C=0_92_30006,47,1,28,517,524,2759,103,false
ER-LD 300uM OA+3 DOM 60x confocal Z001.nd2 - Z=0 C=0_92_30006,47,1,29,517,523,2608,62,false
ER-LD 300uM OA+3 DOM 60x confocal Z001.nd2 - Z=0 C=0_92_30006,47,1,30,517,522,2632,50,false
ER-LD 300uM OA+3 DOM 60x confocal Z001.nd2 - Z=0 C=0_92_30006,47,1,31,518,522,1999,64,false
ER-LD 300uM OA+3 DOM 60x confocal Z001.nd2 - Z=0 C=0_92_30006,47,1,32,518,521,2089,56,false
ER-LD 300uM OA+3 DOM 60x confocal Z001.nd2 - Z=0 C=0_92_30006,47,1,33,518,520,2491,109,false
ER-LD 300uM OA+3 DOM 60x confocal Z001.nd2 - Z=0 C=0_92_30006,47,1,34,519,520,1863,73,false
ER-LD 300uM OA+3 DOM 60x confocal Z001.nd2 - Z=0 C=0_92_30006,47,1,35,519,519,2310,92,false
ER-LD 300uM OA+3 DOM 60x confocal Z001.nd2 - Z=0 C=0_92_30006,47,1,36,519,518,2815,95,false
ER-LD 300uM OA+3 DOM 60x confocal Z001.nd2 - Z=0 C=0_92_30006,47,1,37,520,518,2128,113,false
ER-LD 300uM OA+3 DOM 60x confocal Z001.nd2 - Z=0 C=0_92_30006,47,1,38,521,518,1969,156,false
ER-LD 300uM OA+3 DOM 60x confocal Z001.nd2 - Z=0 C=0_92_30006,47,1,39,521,517,2380,162,false
ER-LD 300uM OA+3 DOM 60x confocal Z001.nd2 - Z=0 C=0_92_30006,47,1,40,522,517,1950,159,false
ER-LD 300uM OA+3 DOM 60x confocal Z001.nd2 - Z=0 C=0_92_30006,47,1,41,523,517,2046,150,false
ER-LD 300uM OA+3 DOM 60x confocal Z001.nd2 - Z=0 C=0_92_30006,47,1,42,524,517,1976,133,false
ER-LD 300uM OA+3 DOM 60x confocal Z001.nd2 - Z=0 C=0_92_30006,47,1,43,525,517,2043,83,false
ER-LD 300uM OA+3 DOM 60x confocal Z001.nd2 - Z=0 C=0_92_30006,47,1,44,526,517,2029,109,false
ER-LD 300uM OA+3 DOM 60x confocal Z001.nd2 - Z=0 C=0_92_30006,47,1,45,526,518,1980,80,false
ER-LD 300uM OA+3 DOM 60x confocal Z001.nd2 - Z=0 C=0_92_30006,47,1,46,527,518,2132,94,false
ER-LD 300uM OA+3 DOM 60x confocal Z001.nd2 - Z=0 C=0_92_30006,47,1,47,528,518,2315,81,false
ER-LD 300uM OA+3 DOM 60x confocal Z001.nd2 - Z=0 C=0_92_30006,47,1,48,529,518,2383,47,false
ER-LD 300uM OA+3 DOM 60x confocal Z001.nd2 - Z=0 C=0_92_30006,47,1,49,529,519,2014,36,false
ER-LD 300uM OA+3 DOM 60x confocal Z001.nd2 - Z=0 C=0_92_30006,47,1,50,529,520,1994,32,false
ER-LD 300uM OA+3 DOM 60x confocal Z001.nd2 - Z=0 C=0_92_30006,47,1,51,530,520,2257,84,false
ER-LD 300uM OA+3 DOM 60x confocal Z001.nd2 - Z=0 C=0_92_30006,47,1,52,530,521,2123,46,false
ER-LD 300uM OA+3 DOM 60x confocal Z001.nd2 - Z=0 C=0_92_30006,47,1,53,530,522,1855,42,false
ER-LD 300uM OA+3 DOM 60x confocal Z001.nd2 - Z=0 C=0_92_30006,47,1,54,531,522,2244,61,false
ER-LD 300uM OA+3 DOM 60x confocal Z001.nd2 - Z=0 C=0_92_30006,47,1,55,531,523,2244,45,false
ER-LD 300uM OA+3 DOM 60x confocal Z001.nd2 - Z=0 C=0_92_30006,48,1,0,550,250,2920,76,false
ER-LD 300uM OA+3 DOM 60x confocal Z001.nd2 - Z=0 C=0_92_30006,48,1,1,550,251,3027,89,false
ER-LD 300uM OA+3 DOM 60x confocal Z001.nd2 - Z=0 C=0_92_30006,48,1,2,550,252,3840,77,false
ER-LD 300uM OA+3 DOM 60x confocal Z001.nd2 - Z=0 C=0_92_30006,48,1,3,549,252,2532,115,false
ER-LD 300uM OA+3 DOM 60x confocal Z001.nd2 - Z=0 C=0_92_30006,48,1,4,549,253,3060,97,false
ER-LD 300uM OA+3 DOM 60x confocal Z001.nd2 - Z=0 C=0_92_30006,48,1,5,549,254,3564,54,false
ER-LD 300uM OA+3 DOM 60x confocal Z001.nd2 - Z=0 C=0_92_30006,48,1,6,548,254,2646,62,false
ER-LD 300uM OA+3 DOM 60x confocal Z001.nd2 - Z=0 C=0_92_30006,48,1,7,548,255,2790,67,false
ER-LD 300uM OA+3 DOM 60x confocal Z001.nd2 - Z=0 C=0_92_30006,48,1,8,547,255,2357,120,false
ER-LD 300uM OA+3 DOM 60x confocal Z001.nd2 - Z=0 C=0_92_30006,48,1,9,546,255,2171,85,false
ER-LD 300uM OA+3 DOM 60x confocal Z001.nd2 - Z=0 C=0_92_30006,48,1,10,545,255,2124,85,false
ER-LD 300uM OA+3 DOM 60x confocal Z001.nd2 - Z=0 C=0_92_30006,48,1,11,544,255,1817,118,false
ER-LD 300uM OA+3 DOM 60x confocal Z001.nd2 - Z=0 C=0_92_30006,48,1,12,544,254,2118,141,false
ER-LD 300uM OA+3 DOM 60x confocal Z001.nd2 - Z=0 C=0_92_30006,48,1,13,543,254,2009,125,false
ER-LD 300uM OA+3 DOM 60x confocal Z001.nd2 - Z=0 C=0_92_30006,48,1,14,543,253,2177,131,false
ER-LD 300uM OA+3 DOM 60x confocal Z001.nd2 - Z=0 C=0_92_30006,48,1,15,542,253,2342,154,false
ER-LD 300uM OA+3 DOM 60x confocal Z001.nd2 - Z=0 C=0_92_30006,48,1,16,542,252,2712,131,false
ER-LD 300uM OA+3 DOM 60x confocal Z001.nd2 - Z=0 C=0_92_30006,48,1,17,541,252,3118,159,false
ER-LD 300uM OA+3 DOM 60x confocal Z001.nd2 - Z=0 C=0_92_30006,48,1,18,541,251,3685,161,false
ER-LD 300uM OA+3 DOM 60x confocal Z001.nd2 - Z=0 C=0_92_30006,48,1,19,541,250,4186,193,false
ER-LD 300uM OA+3 DOM 60x confocal Z001.nd2 - Z=0 C=0_92_30006,48,1,20,541,249,4608,144,false
ER-LD 300uM OA+3 DOM 60x confocal Z001.nd2 - Z=0 C=0_92_30006,48,1,21,541,248,4810,157,false
ER-LD 300uM OA+3 DOM 60x confocal Z001.nd2 - Z=0 C=0_92_30006,48,1,22,541,247,4614,127,false
ER-LD 300uM OA+3 DOM 60x confocal Z001.nd2 - Z=0 C=0_92_30006,48,1,23,542,247,4400,151,false
ER-LD 300uM OA+3 DOM 60x confocal Z001.nd2 - Z=0 C=0_92_30006,48,1,24,542,246,3989,171,false
ER-LD 300uM OA+3 DOM 60x confocal Z001.nd2 - Z=0 C=0_92_30006,48,1,25,543,246,3677,151,false
ER-LD 300uM OA+3 DOM 60x confocal Z001.nd2 - Z=0 C=0_92_30006,48,1,26,544,246,3200,169,false
ER-LD 300uM OA+3 DOM 60x confocal Z001.nd2 - Z=0 C=0_92_30006,48,1,27,544,245,3474,108,false
ER-LD 300uM OA+3 DOM 60x confocal Z001.nd2 - Z=0 C=0_92_30006,48,1,28,545,245,3160,157,false
ER-LD 300uM OA+3 DOM 60x confocal Z001.nd2 - Z=0 C=0_92_30006,48,1,29,546,245,3222,159,false
ER-LD 300uM OA+3 DOM 60x confocal Z001.nd2 - Z=0 C=0_92_30006,48,1,30,546,246,2854,98,false
ER-LD 300uM OA+3 DOM 60x confocal Z001.nd2 - Z=0 C=0_92_30006,48,1,31,547,246,3087,55,false
ER-LD 300uM OA+3 DOM 60x confocal Z001.nd2 - Z=0 C=0_92_30006,48,1,32,547,247,2530,73,false
ER-LD 300uM OA+3 DOM 60x confocal Z001.nd2 - Z=0 C=0_92_30006,48,1,33,548,247,3133,114,false
ER-LD 300uM OA+3 DOM 60x confocal Z001.nd2 - Z=0 C=0_92_30006,48,1,34,549,247,3164,85,false
ER-LD 300uM OA+3 DOM 60x confocal Z001.nd2 - Z=0 C=0_92_30006,48,1,35,549,248,2887,64,false
ER-LD 300uM OA+3 DOM 60x confocal Z001.nd2 - Z=0 C=0_92_30006,48,1,36,549,249,2472,58,false
ER-LD 300uM OA+3 DOM 60x confocal Z001.nd2 - Z=0 C=0_92_30006,48,1,37,550,249,3020,51,false
ER-LD 300uM OA+3 DOM 60x confocal Z001.nd2 - Z=0 C=0_92_30006,50,1,0,565,249,2595,54,false
ER-LD 300uM OA+3 DOM 60x confocal Z001.nd2 - Z=0 C=0_92_30006,50,1,1,565,250,2916,96,false
ER-LD 300uM OA+3 DOM 60x confocal Z001.nd2 - Z=0 C=0_92_30006,50,1,2,565,251,3193,50,false
ER-LD 300uM OA+3 DOM 60x confocal Z001.nd2 - Z=0 C=0_92_30006,50,1,3,565,252,3369,74,false
ER-LD 300uM OA+3 DOM 60x confocal Z001.nd2 - Z=0 C=0_92_30006,50,1,4,564,252,2189,59,false
ER-LD 300uM OA+3 DOM 60x confocal Z001.nd2 - Z=0 C=0_92_30006,50,1,5,564,253,2509,69,false
ER-LD 300uM OA+3 DOM 60x confocal Z001.nd2 - Z=0 C=0_92_30006,50,1,6,563,253,1947,66,false
ER-LD 300uM OA+3 DOM 60x confocal Z001.nd2 - Z=0 C=0_92_30006,50,1,7,563,254,2243,66,false
ER-LD 300uM OA+3 DOM 60x confocal Z001.nd2 - Z=0 C=0_92_30006,50,1,8,562,254,1982,75,false
ER-LD 300uM OA+3 DOM 60x confocal Z001.nd2 - Z=0 C=0_92_30006,50,1,9,562,255,2339,95,false
ER-LD 300uM OA+3 DOM 60x confocal Z001.nd2 - Z=0 C=0_92_30006,50,1,10,561,255,2227,50,false
ER-LD 300uM OA+3 DOM 60x confocal Z001.nd2 - Z=0 C=0_92_30006,50,1,11,560,255,2155,95,false
ER-LD 300uM OA+3 DOM 60x confocal Z001.nd2 - Z=0 C=0_92_30006,50,1,12,559,255,2226,58,false
ER-LD 300uM OA+3 DOM 60x confocal Z001.nd2 - Z=0 C=0_92_30006,50,1,13,558,255,2139,103,false
ER-LD 300uM OA+3 DOM 60x confocal Z001.nd2 - Z=0 C=0_92_30006,50,1,14,557,255,2364,66,false
ER-LD 300uM OA+3 DOM 60x confocal Z001.nd2 - Z=0 C=0_92_30006,50,1,15,556,255,2425,106,false
ER-LD 300uM OA+3 DOM 60x confocal Z001.nd2 - Z=0 C=0_92_30006,50,1,16,555,255,2961,81,false
ER-LD 300uM OA+3 DOM 60x confocal Z001.nd2 - Z=0 C=0_92_30006,50,1,17,555,254,3013,77,false
ER-LD 300uM OA+3 DOM 60x confocal Z001.nd2 - Z=0 C=0_92_30006,50,1,18,554,254,4374,108,false
ER-LD 300uM OA+3 DOM 60x confocal Z001.nd2 - Z=0 C=0_92_30006,50,1,19,554,253,4111,52,false
ER-LD 300uM OA+3 DOM 60x confocal Z001.nd2 - Z=0 C=0_92_30006,50,1,20,553,253,5374,87,false
ER-LD 300uM OA+3 DOM 60x confocal Z001.nd2 - Z=0 C=0_92_30006,50,1,21,553,252,4690,104,false
ER-LD 300uM OA+3 DOM 60x confocal Z001.nd2 - Z=0 C=0_92_30006,50,1,22,553,251,3996,136,false
ER-LD 300uM OA+3 DOM 60x confocal Z001.nd2 - Z=0 C=0_92_30006,50,1,23,553,250,3203,181,false
ER-LD 300uM OA+3 DOM 60x confocal Z001.nd2 - Z=0 C=0_92_30006,50,1,24,553,249,2904,124,false
ER-LD 300uM OA+3 DOM 60x confocal Z001.nd2 - Z=0 C=0_92_30006,50,1,25,554,249,2149,141,false
ER-LD 300uM OA+3 DOM 60x confocal Z001.nd2 - Z=0 C=0_92_30006,50,1,26,554,248,2098,144,false
ER-LD 300uM OA+3 DOM 60x confocal Z001.nd2 - Z=0 C=0_92_30006,50,1,27,554,247,2278,110,false
ER-LD 300uM OA+3 DOM 60x confocal Z001.nd2 - Z=0 C=0_92_30006,50,1,28,554,246,2420,64,false
ER-LD 300uM OA+3 DOM 60x confocal Z001.nd2 - Z=0 C=0_92_30006,50,1,29,554,245,2861,101,false
ER-LD 300uM OA+3 DOM 60x confocal Z001.nd2 - Z=0 C=0_92_30006,50,1,30,554,244,3592,105,false
ER-LD 300uM OA+3 DOM 60x confocal Z001.nd2 - Z=0 C=0_92_30006,50,1,31,555,244,2343,81,false
ER-LD 300uM OA+3 DOM 60x confocal Z001.nd2 - Z=0 C=0_92_30006,50,1,32,555,243,3099,110,false
ER-LD 300uM OA+3 DOM 60x confocal Z001.nd2 - Z=0 C=0_92_30006,50,1,33,556,243,2477,113,false
ER-LD 300uM OA+3 DOM 60x confocal Z001.nd2 - Z=0 C=0_92_30006,50,1,34,557,243,2265,106,false
ER-LD 300uM OA+3 DOM 60x confocal Z001.nd2 - Z=0 C=0_92_30006,50,1,35,558,243,2232,60,false
ER-LD 300uM OA+3 DOM 60x confocal Z001.nd2 - Z=0 C=0_92_30006,50,1,36,559,243,2517,102,false
ER-LD 300uM OA+3 DOM 60x confocal Z001.nd2 - Z=0 C=0_92_30006,50,1,37,560,243,2129,85,false
ER-LD 300uM OA+3 DOM 60x confocal Z001.nd2 - Z=0 C=0_92_30006,50,1,38,560,244,1852,106,false
ER-LD 300uM OA+3 DOM 60x confocal Z001.nd2 - Z=0 C=0_92_30006,50,1,39,561,244,1843,67,false
ER-LD 300uM OA+3 DOM 60x confocal Z001.nd2 - Z=0 C=0_92_30006,50,1,40,562,244,1916,68,false
ER-LD 300uM OA+3 DOM 60x confocal Z001.nd2 - Z=0 C=0_92_30006,50,1,41,563,244,1949,71,false
ER-LD 300uM OA+3 DOM 60x confocal Z001.nd2 - Z=0 C=0_92_30006,50,1,42,563,245,1780,53,false
ER-LD 300uM OA+3 DOM 60x confocal Z001.nd2 - Z=0 C=0_92_30006,50,1,43,564,245,1929,52,false
ER-LD 300uM OA+3 DOM 60x confocal Z001.nd2 - Z=0 C=0_92_30006,50,1,44,564,246,1881,48,false
ER-LD 300uM OA+3 DOM 60x confocal Z001.nd2 - Z=0 C=0_92_30006,50,1,45,565,246,2403,50,false
ER-LD 300uM OA+3 DOM 60x confocal Z001.nd2 - Z=0 C=0_92_30006,50,1,46,565,247,2426,80,false
ER-LD 300uM OA+3 DOM 60x confocal Z001.nd2 - Z=0 C=0_92_30006,50,1,47,565,248,2579,68,false
ER-LD 300uM OA+3 DOM 60x confocal Z001.nd2 - Z=0 C=0_92_30006,51,1,0,574,258,1392,86,false
ER-LD 300uM OA+3 DOM 60x confocal Z001.nd2 - Z=0 C=0_92_30006,51,1,1,574,259,1661,73,false
ER-LD 300uM OA+3 DOM 60x confocal Z001.nd2 - Z=0 C=0_92_30006,51,1,2,574,260,1366,65,false
ER-LD 300uM OA+3 DOM 60x confocal Z001.nd2 - Z=0 C=0_92_30006,51,1,3,574,261,1483,57,false
ER-LD 300uM OA+3 DOM 60x confocal Z001.nd2 - Z=0 C=0_92_30006,51,1,4,574,262,1763,56,false
ER-LD 300uM OA+3 DOM 60x confocal Z001.nd2 - Z=0 C=0_92_30006,51,1,5,573,262,1800,54,false
ER-LD 300uM OA+3 DOM 60x confocal Z001.nd2 - Z=0 C=0_92_30006,51,1,6,573,263,1984,76,false
ER-LD 300uM OA+3 DOM 60x confocal Z001.nd2 - Z=0 C=0_92_30006,51,1,7,572,263,1800,79,false
ER-LD 300uM OA+3 DOM 60x confocal Z001.nd2 - Z=0 C=0_92_30006,51,1,8,572,264,1621,84,false
ER-LD 300uM OA+3 DOM 60x confocal Z001.nd2 - Z=0 C=0_92_30006,51,1,9,571,264,1535,120,false
ER-LD 300uM OA+3 DOM 60x confocal Z001.nd2 - Z=0 C=0_92_30006,51,1,10,570,264,1326,62,false
ER-LD 300uM OA+3 DOM 60x confocal Z001.nd2 - Z=0 C=0_92_30006,51,1,11,569,264,1299,67,false
ER-LD 300uM OA+3 DOM 60x confocal Z001.nd2 - Z=0 C=0_92_30006,51,1,12,568,264,1212,76,false
ER-LD 300uM OA+3 DOM 60x confocal Z001.nd2 - Z=0 C=0_92_30006,51,1,13,567,264,1325,80,false
ER-LD 300uM OA+3 DOM 60x confocal Z001.nd2 - Z=0 C=0_92_30006,51,1,14,567,263,1137,61,false
ER-LD 300uM OA+3 DOM 60x confocal Z001.nd2 - Z=0 C=0_92_30006,51,1,15,566,263,1402,84,false
ER-LD 300uM OA+3 DOM 60x confocal Z001.nd2 - Z=0 C=0_92_30006,51,1,16,566,262,1267,74,false
ER-LD 300uM OA+3 DOM 60x confocal Z001.nd2 - Z=0 C=0_92_30006,51,1,17,565,262,1514,94,false
ER-LD 300uM OA+3 DOM 60x confocal Z001.nd2 - Z=0 C=0_92_30006,51,1,18,565,261,1384,123,false
ER-LD 300uM OA+3 DOM 60x confocal Z001.nd2 - Z=0 C=0_92_30006,51,1,19,565,260,1425,69,false
ER-LD 300uM OA+3 DOM 60x confocal Z001.nd2 - Z=0 C=0_92_30006,51,1,20,564,260,1921,59,false
ER-LD 300uM OA+3 DOM 60x confocal Z001.nd2 - Z=0 C=0_92_30006,51,1,21,564,259,2070,135,false
ER-LD 300uM OA+3 DOM 60x confocal Z001.nd2 - Z=0 C=0_92_30006,51,1,22,564,258,1945,80,false
ER-LD 300uM OA+3 DOM 60x confocal Z001.nd2 - Z=0 C=0_92_30006,51,1,23,564,257,2245,93,false
ER-LD 300uM OA+3 DOM 60x confocal Z001.nd2 - Z=0 C=0_92_30006,51,1,24,564,256,2274,65,false
ER-LD 300uM OA+3 DOM 60x confocal Z001.nd2 - Z=0 C=0_92_30006,51,1,25,564,255,2639,57,true
ER-LD 300uM OA+3 DOM 60x confocal Z001.nd2 - Z=0 C=0_92_30006,51,1,26,564,254,2912,75,true
ER-LD 300uM OA+3 DOM 60x confocal Z001.nd2 - Z=0 C=0_92_30006,51,1,27,565,254,2964,77,true
ER-LD 300uM OA+3 DOM 60x confocal Z001.nd2 - Z=0 C=0_92_30006,51,1,28,565,253,3201,65,true
ER-LD 300uM OA+3 DOM 60x confocal Z001.nd2 - Z=0 C=0_92_30006,51,1,29,566,253,3474,92,true
ER-LD 300uM OA+3 DOM 60x confocal Z001.nd2 - Z=0 C=0_92_30006,51,1,30,567,253,3035,73,false
ER-LD 300uM OA+3 DOM 60x confocal Z001.nd2 - Z=0 C=0_92_30006,51,1,31,568,253,3124,68,false
ER-LD 300uM OA+3 DOM 60x confocal Z001.nd2 - Z=0 C=0_92_30006,51,1,32,568,252,3679,123,false
ER-LD 300uM OA+3 DOM 60x confocal Z001.nd2 - Z=0 C=0_92_30006,51,1,33,569,252,3395,88,false
ER-LD 300uM OA+3 DOM 60x confocal Z001.nd2 - Z=0 C=0_92_30006,51,1,34,570,252,3471,104,false
ER-LD 300uM OA+3 DOM 60x confocal Z001.nd2 - Z=0 C=0_92_30006,51,1,35,570,253,3225,80,false
ER-LD 300uM OA+3 DOM 60x confocal Z001.nd2 - Z=0 C=0_92_30006,51,1,36,571,253,3053,103,false
ER-LD 300uM OA+3 DOM 60x confocal Z001.nd2 - Z=0 C=0_92_30006,51,1,37,571,254,2460,63,false
ER-LD 300uM OA+3 DOM 60x confocal Z001.nd2 - Z=0 C=0_92_30006,51,1,38,572,254,2242,91,false
ER-LD 300uM OA+3 DOM 60x confocal Z001.nd2 - Z=0 C=0_92_30006,51,1,39,572,255,1731,53,false
ER-LD 300uM OA+3 DOM 60x confocal Z001.nd2 - Z=0 C=0_92_30006,51,1,40,573,255,1597,111,false
ER-LD 300uM OA+3 DOM 60x confocal Z001.nd2 - Z=0 C=0_92_30006,51,1,41,573,256,1486,83,false
ER-LD 300uM OA+3 DOM 60x confocal Z001.nd2 - Z=0 C=0_92_30006,51,1,42,573,257,1441,57,false
ER-LD 300uM OA+3 DOM 60x confocal Z001.nd2 - Z=0 C=0_92_30006,51,1,43,574,257,1211,65,false
ER-LD 300uM OA+3 DOM 60x confocal Z001.nd2 - Z=0 C=0_92_30006,97,1,0,725,674,3019,109,false
ER-LD 300uM OA+3 DOM 60x confocal Z001.nd2 - Z=0 C=0_92_30006,97,1,1,725,675,3170,121,false
ER-LD 300uM OA+3 DOM 60x confocal Z001.nd2 - Z=0 C=0_92_30006,97,1,2,725,676,3435,153,false
ER-LD 300uM OA+3 DOM 60x confocal Z001.nd2 - Z=0 C=0_92_30006,97,1,3,725,677,4027,146,false
ER-LD 300uM OA+3 DOM 60x confocal Z001.nd2 - Z=0 C=0_92_30006,97,1,4,724,677,2976,143,false
ER-LD 300uM OA+3 DOM 60x confocal Z001.nd2 - Z=0 C=0_92_30006,97,1,5,724,678,3443,129,false
ER-LD 300uM OA+3 DOM 60x confocal Z001.nd2 - Z=0 C=0_92_30006,97,1,6,724,679,4046,118,false
ER-LD 300uM OA+3 DOM 60x confocal Z001.nd2 - Z=0 C=0_92_30006,97,1,7,723,679,3002,104,false
ER-LD 300uM OA+3 DOM 60x confocal Z001.nd2 - Z=0 C=0_92_30006,97,1,8,723,680,3596,76,false
ER-LD 300uM OA+3 DOM 60x confocal Z001.nd2 - Z=0 C=0_92_30006,97,1,9,723,681,3610,100,false
ER-LD 300uM OA+3 DOM 60x confocal Z001.nd2 - Z=0 C=0_92_30006,97,1,10,723,682,3932,137,false
ER-LD 300uM OA+3 DOM 60x confocal Z001.nd2 - Z=0 C=0_92_30006,97,1,11,722,682,2883,105,false
ER-LD 300uM OA+3 DOM 60x confocal Z001.nd2 - Z=0 C=0_92_30006,97,1,12,722,683,3107,105,false
ER-LD 300uM OA+3 DOM 60x confocal Z001.nd2 - Z=0 C=0_92_30006,97,1,13,721,683,2396,61,false
ER-LD 300uM OA+3 DOM 60x confocal Z001.nd2 - Z=0 C=0_92_30006,97,1,14,721,684,2997,92,false
ER-LD 300uM OA+3 DOM 60x confocal Z001.nd2 - Z=0 C=0_92_30006,97,1,15,721,685,3200,141,false
ER-LD 300uM OA+3 DOM 60x confocal Z001.nd2 - Z=0 C=0_92_30006,97,1,16,720,685,2572,87,false
ER-LD 300uM OA+3 DOM 60x confocal Z001.nd2 - Z=0 C=0_92_30006,97,1,17,720,686,2874,120,false
ER-LD 300uM OA+3 DOM 60x confocal Z001.nd2 - Z=0 C=0_92_30006,97,1,18,719,686,2549,146,false
ER-LD 300uM OA+3 DOM 60x confocal Z001.nd2 - Z=0 C=0_92_30006,97,1,19,718,686,2225,153,false
ER-LD 300uM OA+3 DOM 60x confocal Z001.nd2 - Z=0 C=0_92_30006,97,1,20,718,687,2629,136,false
ER-LD 300uM OA+3 DOM 60x confocal Z001.nd2 - Z=0 C=0_92_30006,97,1,21,717,687,2357,93,false
ER-LD 300uM OA+3 DOM 60x confocal Z001.nd2 - Z=0 C=0_92_30006,97,1,22,716,687,2137,166,false
ER-LD 300uM OA+3 DOM 60x confocal Z001.nd2 - Z=0 C=0_92_30006,97,1,23,716,688,2454,170,false
ER-LD 300uM OA+3 DOM 60x confocal Z001.nd2 - Z=0 C=0_92_30006,97,1,24,715,688,2154,144,false
ER-LD 300uM OA+3 DOM 60x confocal Z001.nd2 - Z=0 C=0_92_30006,97,1,25,714,688,1946,106,false
ER-LD 300uM OA+3 DOM 60x confocal Z001.nd2 - Z=0 C=0_92_30006,97,1,26,713,688,1948,106,false
ER-LD 300uM OA+3 DOM 60x confocal Z001.nd2 - Z=0 C=0_92_30006,97,1,27,713,689,2508,151,false
ER-LD 300uM OA+3 DOM 60x confocal Z001.nd2 - Z=0 C=0_92_30006,97,1,28,712,689,2241,160,false
ER-LD 300uM OA+3 DOM 60x confocal Z001.nd2 - Z=0 C=0_92_30006,97,1,29,711,689,2054,149,false
ER-LD 300uM OA+3 DOM 60x confocal Z001.nd2 - Z=0 C=0_92_30006,97,1,30,710,689,2029,75,false
ER-LD 300uM OA+3 DOM 60x confocal Z001.nd2 - Z=0 C=0_92_30006,97,1,31,709,689,2161,158,false
ER-LD 300uM OA+3 DOM 60x confocal Z001.nd2 - Z=0 C=0_92_30006,97,1,32,708,689,2186,110,false
ER-LD 300uM OA+3 DOM 60x confocal Z001.nd2 - Z=0 C=0_92_30006,97,1,33,707,689,1980,99,false
ER-LD 300uM OA+3 DOM 60x confocal Z001.nd2 - Z=0 C=0_92_30006,97,1,34,706,689,2052,97,false
ER-LD 300uM OA+3 DOM 60x confocal Z001.nd2 - Z=0 C=0_92_30006,97,1,35,706,688,2115,97,false
ER-LD 300uM OA+3 DOM 60x confocal Z001.nd2 - Z=0 C=0_92_30006,97,1,36,705,688,2002,115,false
ER-LD 300uM OA+3 DOM 60x confocal Z001.nd2 - Z=0 C=0_92_30006,97,1,37,704,688,2210,121,false
ER-LD 300uM OA+3 DOM 60x confocal Z001.nd2 - Z=0 C=0_92_30006,97,1,38,704,687,2108,73,false
ER-LD 300uM OA+3 DOM 60x confocal Z001.nd2 - Z=0 C=0_92_30006,97,1,39,703,687,2179,129,false
ER-LD 300uM OA+3 DOM 60x confocal Z001.nd2 - Z=0 C=0_92_30006,97,1,40,702,687,2241,145,false
ER-LD 300uM OA+3 DOM 60x confocal Z001.nd2 - Z=0 C=0_92_30006,97,1,41,702,686,1972,94,false
ER-LD 300uM OA+3 DOM 60x confocal Z001.nd2 - Z=0 C=0_92_30006,97,1,42,701,686,2184,122,false
ER-LD 300uM OA+3 DOM 60x confocal Z001.nd2 - Z=0 C=0_92_30006,97,1,43,700,686,2376,106,false
ER-LD 300uM OA+3 DOM 60x confocal Z001.nd2 - Z=0 C=0_92_30006,97,1,44,700,685,2174,111,false
ER-LD 300uM OA+3 DOM 60x confocal Z001.nd2 - Z=0 C=0_92_30006,97,1,45,699,685,2457,79,false
ER-LD 300uM OA+3 DOM 60x confocal Z001.nd2 - Z=0 C=0_92_30006,97,1,46,699,684,2170,77,false
ER-LD 300uM OA+3 DOM 60x confocal Z001.nd2 - Z=0 C=0_92_30006,97,1,47,698,684,2273,84,false
ER-LD 300uM OA+3 DOM 60x confocal Z001.nd2 - Z=0 C=0_92_30006,97,1,48,698,683,2283,102,false
ER-LD 300uM OA+3 DOM 60x confocal Z001.nd2 - Z=0 C=0_92_30006,97,1,49,697,683,2702,109,false
ER-LD 300uM OA+3 DOM 60x confocal Z001.nd2 - Z=0 C=0_92_30006,97,1,50,697,682,2599,99,false
ER-LD 300uM OA+3 DOM 60x confocal Z001.nd2 - Z=0 C=0_92_30006,97,1,51,697,681,2297,75,false
ER-LD 300uM OA+3 DOM 60x confocal Z001.nd2 - Z=0 C=0_92_30006,97,1,52,696,681,2958,75,false
ER-LD 300uM OA+3 DOM 60x confocal Z001.nd2 - Z=0 C=0_92_30006,97,1,53,696,680,2641,49,false
ER-LD 300uM OA+3 DOM 60x confocal Z001.nd2 - Z=0 C=0_92_30006,97,1,54,696,679,2013,64,false
ER-LD 300uM OA+3 DOM 60x confocal Z001.nd2 - Z=0 C=0_92_30006,97,1,55,695,679,2253,146,false
ER-LD 300uM OA+3 DOM 60x confocal Z001.nd2 - Z=0 C=0_92_30006,97,1,56,695,678,1967,103,false
ER-LD 300uM OA+3 DOM 60x confocal Z001.nd2 - Z=0 C=0_92_30006,97,1,57,695,677,2064,83,false
ER-LD 300uM OA+3 DOM 60x confocal Z001.nd2 - Z=0 C=0_92_30006,97,1,58,695,676,2043,81,false
ER-LD 300uM OA+3 DOM 60x confocal Z001.nd2 - Z=0 C=0_92_30006,97,1,59,695,675,2024,109,false
ER-LD 300uM OA+3 DOM 60x confocal Z001.nd2 - Z=0 C=0_92_30006,97,1,60,695,674,1911,149,false
ER-LD 300uM OA+3 DOM 60x confocal Z001.nd2 - Z=0 C=0_92_30006,97,1,61,695,673,1884,144,false
ER-LD 300uM OA+3 DOM 60x confocal Z001.nd2 - Z=0 C=0_92_30006,97,1,62,695,672,1909,120,false
ER-LD 300uM OA+3 DOM 60x confocal Z001.nd2 - Z=0 C=0_92_30006,97,1,63,695,671,1928,103,false
ER-LD 300uM OA+3 DOM 60x confocal Z001.nd2 - Z=0 C=0_92_30006,97,1,64,695,670,1936,71,false
ER-LD 300uM OA+3 DOM 60x confocal Z001.nd2 - Z=0 C=0_92_30006,97,1,65,695,669,1935,59,false
ER-LD 300uM OA+3 DOM 60x confocal Z001.nd2 - Z=0 C=0_92_30006,97,1,66,695,668,1830,59,false
ER-LD 300uM OA+3 DOM 60x confocal Z001.nd2 - Z=0 C=0_92_30006,97,1,67,695,667,2010,86,false
ER-LD 300uM OA+3 DOM 60x confocal Z001.nd2 - Z=0 C=0_92_30006,97,1,68,696,667,1844,68,false
ER-LD 300uM OA+3 DOM 60x confocal Z001.nd2 - Z=0 C=0_92_30006,97,1,69,696,666,1909,58,false
ER-LD 300uM OA+3 DOM 60x confocal Z001.nd2 - Z=0 C=0_92_30006,97,1,70,696,665,1972,83,false
ER-LD 300uM OA+3 DOM 60x confocal Z001.nd2 - Z=0 C=0_92_30006,97,1,71,697,665,1704,59,false
ER-LD 300uM OA+3 DOM 60x confocal Z001.nd2 - Z=0 C=0_92_30006,97,1,72,697,664,1874,75,false
ER-LD 300uM OA+3 DOM 60x confocal Z001.nd2 - Z=0 C=0_92_30006,97,1,73,698,664,1728,54,false
ER-LD 300uM OA+3 DOM 60x confocal Z001.nd2 - Z=0 C=0_92_30006,97,1,74,698,663,1831,65,false
ER-LD 300uM OA+3 DOM 60x confocal Z001.nd2 - Z=0 C=0_92_30006,97,1,75,698,662,1958,43,false
ER-LD 300uM OA+3 DOM 60x confocal Z001.nd2 - Z=0 C=0_92_30006,97,1,76,699,662,1800,72,false
ER-LD 300uM OA+3 DOM 60x confocal Z001.nd2 - Z=0 C=0_92_30006,97,1,77,699,661,2000,29,false
ER-LD 300uM OA+3 DOM 60x confocal Z001.nd2 - Z=0 C=0_92_30006,97,1,78,700,661,2033,91,false
ER-LD 300uM OA+3 DOM 60x confocal Z001.nd2 - Z=0 C=0_92_30006,97,1,79,700,660,1955,63,false
ER-LD 300uM OA+3 DOM 60x confocal Z001.nd2 - Z=0 C=0_92_30006,97,1,80,701,660,1979,77,false
ER-LD 300uM OA+3 DOM 60x confocal Z001.nd2 - Z=0 C=0_92_30006,97,1,81,702,660,2016,81,false
ER-LD 300uM OA+3 DOM 60x confocal Z001.nd2 - Z=0 C=0_92_30006,97,1,82,703,660,1631,65,false
ER-LD 300uM OA+3 DOM 60x confocal Z001.nd2 - Z=0 C=0_92_30006,97,1,83,703,659,1857,93,false
ER-LD 300uM OA+3 DOM 60x confocal Z001.nd2 - Z=0 C=0_92_30006,97,1,84,704,659,1802,85,false
ER-LD 300uM OA+3 DOM 60x confocal Z001.nd2 - Z=0 C=0_92_30006,97,1,85,705,659,1844,73,false
ER-LD 300uM OA+3 DOM 60x confocal Z001.nd2 - Z=0 C=0_92_30006,97,1,86,706,659,1707,96,false
ER-LD 300uM OA+3 DOM 60x confocal Z001.nd2 - Z=0 C=0_92_30006,97,1,87,706,658,1798,73,false
ER-LD 300uM OA+3 DOM 60x confocal Z001.nd2 - Z=0 C=0_92_30006,97,1,88,707,658,2044,85,false
ER-LD 300uM OA+3 DOM 60x confocal Z001.nd2 - Z=0 C=0_92_30006,97,1,89,708,658,1857,89,false
ER-LD 300uM OA+3 DOM 60x confocal Z001.nd2 - Z=0 C=0_92_30006,97,1,90,708,659,1577,56,false
ER-LD 300uM OA+3 DOM 60x confocal Z001.nd2 - Z=0 C=0_92_30006,97,1,91,709,659,1417,121,false
ER-LD 300uM OA+3 DOM 60x confocal Z001.nd2 - Z=0 C=0_92_30006,97,1,92,710,659,1577,76,false
ER-LD 300uM OA+3 DOM 60x confocal Z001.nd2 - Z=0 C=0_92_30006,97,1,93,711,659,1699,95,false
ER-LD 300uM OA+3 DOM 60x confocal Z001.nd2 - Z=0 C=0_92_30006,97,1,94,712,659,1843,45,false
ER-LD 300uM OA+3 DOM 60x confocal Z001.nd2 - Z=0 C=0_92_30006,97,1,95,713,659,1781,130,false
ER-LD 300uM OA+3 DOM 60x confocal Z001.nd2 - Z=0 C=0_92_30006,97,1,96,714,659,1909,121,false
ER-LD 300uM OA+3 DOM 60x confocal Z001.nd2 - Z=0 C=0_92_30006,97,1,97,715,659,2113,135,false
ER-LD 300uM OA+3 DOM 60x confocal Z001.nd2 - Z=0 C=0_92_30006,97,1,98,715,660,1707,93,false
ER-LD 300uM OA+3 DOM 60x confocal Z001.nd2 - Z=0 C=0_92_30006,97,1,99,716,660,1873,85,false
ER-LD 300uM OA+3 DOM 60x confocal Z001.nd2 - Z=0 C=0_92_30006,97,1,100,717,660,2133,108,false
ER-LD 300uM OA+3 DOM 60x confocal Z001.nd2 - Z=0 C=0_92_30006,97,1,101,717,661,1855,93,false
ER-LD 300uM OA+3 DOM 60x confocal Z001.nd2 - Z=0 C=0_92_30006,97,1,102,718,661,2019,119,false
ER-LD 300uM OA+3 DOM 60x confocal Z001.nd2 - Z=0 C=0_92_30006,97,1,103,719,661,2186,80,false
ER-LD 300uM OA+3 DOM 60x confocal Z001.nd2 - Z=0 C=0_92_30006,97,1,104,719,662,1822,126,false
ER-LD 300uM OA+3 DOM 60x confocal Z001.nd2 - Z=0 C=0_92_30006,97,1,105,720,662,2303,117,false
ER-LD 300uM OA+3 DOM 60x confocal Z001.nd2 - Z=0 C=0_92_30006,97,1,106,720,663,1904,72,false
ER-LD 300uM OA+3 DOM 60x confocal Z001.nd2 - Z=0 C=0_92_30006,97,1,107,721,663,2313,87,false
ER-LD 300uM OA+3 DOM 60x confocal Z001.nd2 - Z=0 C=0_92_30006,97,1,108,721,664,2228,99,false
ER-LD 300uM OA+3 DOM 60x confocal Z001.nd2 - Z=0 C=0_92_30006,97,1,109,722,664,2726,140,false
ER-LD 300uM OA+3 DOM 60x confocal Z001.nd2 - Z=0 C=0_92_30006,97,1,110,722,665,2371,114,false
ER-LD 300uM OA+3 DOM 60x confocal Z001.nd2 - Z=0 C=0_92_30006,97,1,111,723,665,2807,126,false
ER-LD 300uM OA+3 DOM 60x confocal Z001.nd2 - Z=0 C=0_92_30006,97,1,112,723,666,2922,146,false
ER-LD 300uM OA+3 DOM 60x confocal Z001.nd2 - Z=0 C=0_92_30006,97,1,113,723,667,2269,163,false
ER-LD 300uM OA+3 DOM 60x confocal Z001.nd2 - Z=0 C=0_92_30006,97,1,114,724,667,3044,193,false
ER-LD 300uM OA+3 DOM 60x confocal Z001.nd2 - Z=0 C=0_92_30006,97,1,115,724,668,2941,109,false
ER-LD 300uM OA+3 DOM 60x confocal Z001.nd2 - Z=0 C=0_92_30006,97,1,116,724,669,2623,130,false
ER-LD 300uM OA+3 DOM 60x confocal Z001.nd2 - Z=0 C=0_92_30006,97,1,117,725,669,3208,121,false
ER-LD 300uM OA+3 DOM 60x confocal Z001.nd2 - Z=0 C=0_92_30006,97,1,118,725,670,2943,103,false
ER-LD 300uM OA+3 DOM 60x confocal Z001.nd2 - Z=0 C=0_92_30006,97,1,119,725,671,2626,82,false
ER-LD 300uM OA+3 DOM 60x confocal Z001.nd2 - Z=0 C=0_92_30006,97,1,120,725,672,2985,109,false
ER-LD 300uM OA+3 DOM 60x confocal Z001.nd2 - Z=0 C=0_92_30006,97,1,121,725,673,2627,102,false
ER-LD 300uM OA+3 DOM 60x confocal Z001.nd2 - Z=0 C=0_92_30006,99,1,0,729,702,2688,140,false
ER-LD 300uM OA+3 DOM 60x confocal Z001.nd2 - Z=0 C=0_92_30006,99,1,1,729,703,2644,129,false
ER-LD 300uM OA+3 DOM 60x confocal Z001.nd2 - Z=0 C=0_92_30006,99,1,2,729,704,2738,150,false
ER-LD 300uM OA+3 DOM 60x confocal Z001.nd2 - Z=0 C=0_92_30006,99,1,3,728,704,2090,136,false
ER-LD 300uM OA+3 DOM 60x confocal Z001.nd2 - Z=0 C=0_92_30006,99,1,4,728,705,2305,138,false
ER-LD 300uM OA+3 DOM 60x confocal Z001.nd2 - Z=0 C=0_92_30006,99,1,5,728,706,2704,206,false
ER-LD 300uM OA+3 DOM 60x confocal Z001.nd2 - Z=0 C=0_92_30006,99,1,6,727,706,2512,131,false
ER-LD 300uM OA+3 DOM 60x confocal Z001.nd2 - Z=0 C=0_92_30006,99,1,7,727,707,2550,272,false
ER-LD 300uM OA+3 DOM 60x confocal Z001.nd2 - Z=0 C=0_92_30006,99,1,8,726,707,2451,186,false
ER-LD 300uM OA+3 DOM 60x confocal Z001.nd2 - Z=0 C=0_92_30006,99,1,9,725,707,2579,181,false
ER-LD 300uM OA+3 DOM 60x confocal Z001.nd2 - Z=0 C=0_92_30006,99,1,10,724,707,2193,140,false
ER-LD 300uM OA+3 DOM 60x confocal Z001.nd2 - Z=0 C=0_92_30006,99,1,11,724,706,2374,171,false
ER-LD 300uM OA+3 DOM 60x confocal Z001.nd2 - Z=0 C=0_92_30006,99,1,12,723,706,2429,98,false
ER-LD 300uM OA+3 DOM 60x confocal Z001.nd2 - Z=0 C=0_92_30006,99,1,13,723,705,2690,142,false
ER-LD 300uM OA+3 DOM 60x confocal Z001.nd2 - Z=0 C=0_92_30006,99,1,14,722,705,2398,158,false
ER-LD 300uM OA+3 DOM 60x confocal Z001.nd2 - Z=0 C=0_92_30006,99,1,15,722,704,2343,142,false
ER-LD 300uM OA+3 DOM 60x confocal Z001.nd2 - Z=0 C=0_92_30006,99,1,16,722,703,2405,121,false
ER-LD 300uM OA+3 DOM 60x confocal Z001.nd2 - Z=0 C=0_92_30006,99,1,17,721,703,2109,97,false
ER-LD 300uM OA+3 DOM 60x confocal Z001.nd2 - Z=0 C=0_92_30006,99,1,18,721,702,2309,128,false
ER-LD 300uM OA+3 DOM 60x confocal Z001.nd2 - Z=0 C=0_92_30006,99,1,19,721,701,2267,143,false
ER-LD 300uM OA+3 DOM 60x confocal Z001.nd2 - Z=0 C=0_92_30006,99,1,20,722,701,2518,225,false
ER-LD 300uM OA+3 DOM 60x confocal Z001.nd2 - Z=0 C=0_92_30006,99,1,21,722,700,2775,131,false
ER-LD 300uM OA+3 DOM 60x confocal Z001.nd2 - Z=0 C=0_92_30006,99,1,22,723,700,2651,173,false
ER-LD 300uM OA+3 DOM 60x confocal Z001.nd2 - Z=0 C=0_92_30006,99,1,23,723,699,2721,166,false
ER-LD 300uM OA+3 DOM 60x confocal Z001.nd2 - Z=0 C=0_92_30006,99,1,24,724,699,2700,121,false
ER-LD 300uM OA+3 DOM 60x confocal Z001.nd2 - Z=0 C=0_92_30006,99,1,25,724,698,2765,138,false
ER-LD 300uM OA+3 DOM 60x confocal Z001.nd2 - Z=0 C=0_92_30006,99,1,26,724,697,2504,93,false
ER-LD 300uM OA+3 DOM 60x confocal Z001.nd2 - Z=0 C=0_92_30006,99,1,27,725,697,3150,118,false
ER-LD 300uM OA+3 DOM 60x confocal Z001.nd2 - Z=0 C=0_92_30006,99,1,28,726,697,3633,153,false
ER-LD 300uM OA+3 DOM 60x confocal Z001.nd2 - Z=0 C=0_92_30006,99,1,29,727,697,3267,177,false
ER-LD 300uM OA+3 DOM 60x confocal Z001.nd2 - Z=0 C=0_92_30006,99,1,30,727,698,3056,216,false
ER-LD 300uM OA+3 DOM 60x confocal Z001.nd2 - Z=0 C=0_92_30006,99,1,31,728,698,3349,181,false
ER-LD 300uM OA+3 DOM 60x confocal Z001.nd2 - Z=0 C=0_92_30006,99,1,32,728,699,2989,186,false
ER-LD 300uM OA+3 DOM 60x confocal Z001.nd2 - Z=0 C=0_92_30006,99,1,33,729,699,3228,189,false
ER-LD 300uM OA+3 DOM 60x confocal Z001.nd2 - Z=0 C=0_92_30006,99,1,34,729,700,3227,243,false
ER-LD 300uM OA+3 DOM 60x confocal Z001.nd2 - Z=0 C=0_92_30006,99,1,35,729,701,2773,167,false
ER-LD 300uM OA+3 DOM 60x confocal Z001.nd2 - Z=0 C=0_92_30006,100,1,0,748,657,1973,86,false
ER-LD 300uM OA+3 DOM 60x confocal Z001.nd2 - Z=0 C=0_92_30006,100,1,1,748,658,1893,105,false
ER-LD 300uM OA+3 DOM 60x confocal Z001.nd2 - Z=0 C=0_92_30006,100,1,2,748,659,1923,121,false
ER-LD 300uM OA+3 DOM 60x confocal Z001.nd2 - Z=0 C=0_92_30006,100,1,3,747,659,1518,119,false
ER-LD 300uM OA+3 DOM 60x confocal Z001.nd2 - Z=0 C=0_92_30006,100,1,4,747,660,1676,134,false
ER-LD 300uM OA+3 DOM 60x confocal Z001.nd2 - Z=0 C=0_92_30006,100,1,5,747,661,1740,156,false
ER-LD 300uM OA+3 DOM 60x confocal Z001.nd2 - Z=0 C=0_92_30006,100,1,6,747,662,2190,136,false
ER-LD 300uM OA+3 DOM 60x confocal Z001.nd2 - Z=0 C=0_92_30006,100,1,7,747,663,2306,143,false
ER-LD 300uM OA+3 DOM 60x confocal Z001.nd2 - Z=0 C=0_92_30006,100,1,8,746,663,1750,146,false
ER-LD 300uM OA+3 DOM 60x confocal Z001.nd2 - Z=0 C=0_92_30006,100,1,9,746,664,1980,119,false
ER-LD 300uM OA+3 DOM 60x confocal Z001.nd2 - Z=0 C=0_92_30006,100,1,10,746,665,2208,138,false
ER-LD 300uM OA+3 DOM 60x confocal Z001.nd2 - Z=0 C=0_92_30006,100,1,11,745,665,1838,108,false
ER-LD 300uM OA+3 DOM 60x confocal Z001.nd2 - Z=0 C=0_92_30006,100,1,12,745,666,2025,91,false
ER-LD 300uM OA+3 DOM 60x confocal Z001.nd2 - Z=0 C=0_92_30006,100,1,13,744,666,1811,48,false
ER-LD 300uM OA+3 DOM 60x confocal Z001.nd2 - Z=0 C=0_92_30006,100,1,14,744,667,2512,72,false
ER-LD 300uM OA+3 DOM 60x confocal Z001.nd2 - Z=0 C=0_92_30006,100,1,15,743,667,1998,66,false
ER-LD 300uM OA+3 DOM 60x confocal Z001.nd2 - Z=0 C=0_92_30006,100,1,16,743,668,2628,87,false
ER-LD 300uM OA+3 DOM 60x confocal Z001.nd2 - Z=0 C=0_92_30006,100,1,17,742,668,2260,94,false
ER-LD 300uM OA+3 DOM 60x confocal Z001.nd2 - Z=0 C=0_92_30006,100,1,18,742,669,2656,94,false
ER-LD 300uM OA+3 DOM 60x confocal Z001.nd2 - Z=0 C=0_92_30006,100,1,19,741,669,2718,144,false
ER-LD 300uM OA+3 DOM 60x confocal Z001.nd2 - Z=0 C=0_92_30006,100,1,20,740,669,2569,113,false
ER-LD 300uM OA+3 DOM 60x confocal Z001.nd2 - Z=0 C=0_92_30006,100,1,21,739,669,2255,130,false
ER-LD 300uM OA+3 DOM 60x confocal Z001.nd2 - Z=0 C=0_92_30006,100,1,22,738,669,2546,96,false
ER-LD 300uM OA+3 DOM 60x confocal Z001.nd2 - Z=0 C=0_92_30006,100,1,23,737,669,2282,102,false
ER-LD 300uM OA+3 DOM 60x confocal Z001.nd2 - Z=0 C=0_92_30006,100,1,24,736,669,2380,119,false
ER-LD 300uM OA+3 DOM 60x confocal Z001.nd2 - Z=0 C=0_92_30006,100,1,25,735,669,2668,173,false
ER-LD 300uM OA+3 DOM 60x confocal Z001.nd2 - Z=0 C=0_92_30006,100,1,26,734,669,2671,162,false
ER-LD 300uM OA+3 DOM 60x confocal Z001.nd2 - Z=0 C=0_92_30006,100,1,27,733,669,2776,189,false
ER-LD 300uM OA+3 DOM 60x confocal Z001.nd2 - Z=0 C=0_92_30006,100,1,28,732,669,2956,184,false
ER-LD 300uM OA+3 DOM 60x confocal Z001.nd2 - Z=0 C=0_92_30006,100,1,29,732,668,2194,141,false
ER-LD 300uM OA+3 DOM 60x confocal Z001.nd2 - Z=0 C=0_92_30006,100,1,30,731,668,2283,201,false
ER-LD 300uM OA+3 DOM 60x confocal Z001.nd2 - Z=0 C=0_92_30006,100,1,31,730,668,2407,135,false
ER-LD 300uM OA+3 DOM 60x confocal Z001.nd2 - Z=0 C=0_92_30006,100,1,32,730,667,1808,130,false
ER-LD 300uM OA+3 DOM 60x confocal Z001.nd2 - Z=0 C=0_92_30006,100,1,33,729,667,2218,178,false
ER-LD 300uM OA+3 DOM 60x confocal Z001.nd2 - Z=0 C=0_92_30006,100,1,34,728,667,2573,176,false
ER-LD 300uM OA+3 DOM 60x confocal Z001.nd2 - Z=0 C=0_92_30006,100,1,35,728,666,2060,148,false
ER-LD 300uM OA+3 DOM 60x confocal Z001.nd2 - Z=0 C=0_92_30006,100,1,36,727,666,2774,168,false
ER-LD 300uM OA+3 DOM 60x confocal Z001.nd2 - Z=0 C=0_92_30006,100,1,37,727,665,2164,184,false
ER-LD 300uM OA+3 DOM 60x confocal Z001.nd2 - Z=0 C=0_92_30006,100,1,38,726,665,2902,132,false
ER-LD 300uM OA+3 DOM 60x confocal Z001.nd2 - Z=0 C=0_92_30006,100,1,39,726,664,2293,167,false
ER-LD 300uM OA+3 DOM 60x confocal Z001.nd2 - Z=0 C=0_92_30006,100,1,40,725,664,3075,153,false
ER-LD 300uM OA+3 DOM 60x confocal Z001.nd2 - Z=0 C=0_92_30006,100,1,41,725,663,2364,103,false
ER-LD 300uM OA+3 DOM 60x confocal Z001.nd2 - Z=0 C=0_92_30006,100,1,42,724,663,2898,147,false
ER-LD 300uM OA+3 DOM 60x confocal Z001.nd2 - Z=0 C=0_92_30006,100,1,43,724,662,2466,121,false
ER-LD 300uM OA+3 DOM 60x confocal Z001.nd2 - Z=0 C=0_92_30006,100,1,44,723,662,3102,101,false
ER-LD 300uM OA+3 DOM 60x confocal Z001.nd2 - Z=0 C=0_92_30006,100,1,45,723,661,2613,81,false
ER-LD 300uM OA+3 DOM 60x confocal Z001.nd2 - Z=0 C=0_92_30006,100,1,46,723,660,2235,88,false
ER-LD 300uM OA+3 DOM 60x confocal Z001.nd2 - Z=0 C=0_92_30006,100,1,47,723,659,2264,208,false
ER-LD 300uM OA+3 DOM 60x confocal Z001.nd2 - Z=0 C=0_92_30006,100,1,48,723,658,2244,178,false
ER-LD 300uM OA+3 DOM 60x confocal Z001.nd2 - Z=0 C=0_92_30006,100,1,49,723,657,2203,198,false
ER-LD 300uM OA+3 DOM 60x confocal Z001.nd2 - Z=0 C=0_92_30006,100,1,50,723,656,2243,206,false
ER-LD 300uM OA+3 DOM 60x confocal Z001.nd2 - Z=0 C=0_92_30006,100,1,51,723,655,2418,205,false
ER-LD 300uM OA+3 DOM 60x confocal Z001.nd2 - Z=0 C=0_92_30006,100,1,52,723,654,2640,183,false
ER-LD 300uM OA+3 DOM 60x confocal Z001.nd2 - Z=0 C=0_92_30006,100,1,53,723,653,3149,181,false
ER-LD 300uM OA+3 DOM 60x confocal Z001.nd2 - Z=0 C=0_92_30006,100,1,54,723,652,2933,187,false
ER-LD 300uM OA+3 DOM 60x confocal Z001.nd2 - Z=0 C=0_92_30006,100,1,55,723,651,2896,134,false
ER-LD 300uM OA+3 DOM 60x confocal Z001.nd2 - Z=0 C=0_92_30006,100,1,56,723,650,2305,87,false
ER-LD 300uM OA+3 DOM 60x confocal Z001.nd2 - Z=0 C=0_92_30006,100,1,57,724,650,2734,94,false
ER-LD 300uM OA+3 DOM 60x confocal Z001.nd2 - Z=0 C=0_92_30006,100,1,58,724,649,2654,66,false
ER-LD 300uM OA+3 DOM 60x confocal Z001.nd2 - Z=0 C=0_92_30006,100,1,59,725,649,2285,146,false
ER-LD 300uM OA+3 DOM 60x confocal Z001.nd2 - Z=0 C=0_92_30006,100,1,60,725,648,2509,102,false
ER-LD 300uM OA+3 DOM 60x confocal Z001.nd2 - Z=0 C=0_92_30006,100,1,61,726,648,2135,100,false
ER-LD 300uM OA+3 DOM 60x confocal Z001.nd2 - Z=0 C=0_92_30006,100,1,62,726,647,2606,122,false
ER-LD 300uM OA+3 DOM 60x confocal Z001.nd2 - Z=0 C=0_92_30006,100,1,63,726,646,2216,107,false
ER-LD 300uM OA+3 DOM 60x confocal Z001.nd2 - Z=0 C=0_92_30006,100,1,64,727,646,2229,133,false
ER-LD 300uM OA+3 DOM 60x confocal Z001.nd2 - Z=0 C=0_92_30006,100,1,65,728,646,2329,94,false
ER-LD 300uM OA+3 DOM 60x confocal Z001.nd2 - Z=0 C=0_92_30006,100,1,66,728,645,2336,89,false
ER-LD 300uM OA+3 DOM 60x confocal Z001.nd2 - Z=0 C=0_92_30006,100,1,67,729,645,2176,96,false
ER-LD 300uM OA+3 DOM 60x confocal Z001.nd2 - Z=0 C=0_92_30006,100,1,68,730,645,2098,78,false
ER-LD 300uM OA+3 DOM 60x confocal Z001.nd2 - Z=0 C=0_92_30006,100,1,69,731,645,2114,81,false
ER-LD 300uM OA+3 DOM 60x confocal Z001.nd2 - Z=0 C=0_92_30006,100,1,70,731,644,2325,81,false
ER-LD 300uM OA+3 DOM 60x confocal Z001.nd2 - Z=0 C=0_92_30006,100,1,71,732,644,2029,59,false
ER-LD 300uM OA+3 DOM 60x confocal Z001.nd2 - Z=0 C=0_92_30006,100,1,72,733,644,2117,104,false
ER-LD 300uM OA+3 DOM 60x confocal Z001.nd2 - Z=0 C=0_92_30006,100,1,73,734,644,2024,75,false
ER-LD 300uM OA+3 DOM 60x confocal Z001.nd2 - Z=0 C=0_92_30006,100,1,74,735,644,2111,54,false
ER-LD 300uM OA+3 DOM 60x confocal Z001.nd2 - Z=0 C=0_92_30006,100,1,75,736,644,2204,107,false
ER-LD 300uM OA+3 DOM 60x confocal Z001.nd2 - Z=0 C=0_92_30006,100,1,76,737,644,2455,72,false
ER-LD 300uM OA+3 DOM 60x confocal Z001.nd2 - Z=0 C=0_92_30006,100,1,77,738,644,2437,73,false
ER-LD 300uM OA+3 DOM 60x confocal Z001.nd2 - Z=0 C=0_92_30006,100,1,78,739,644,2261,50,false
ER-LD 300uM OA+3 DOM 60x confocal Z001.nd2 - Z=0 C=0_92_30006,100,1,79,739,645,1902,72,false
ER-LD 300uM OA+3 DOM 60x confocal Z001.nd2 - Z=0 C=0_92_30006,100,1,80,740,645,1953,72,false
ER-LD 300uM OA+3 DOM 60x confocal Z001.nd2 - Z=0 C=0_92_30006,100,1,81,741,645,2169,61,false
ER-LD 300uM OA+3 DOM 60x confocal Z001.nd2 - Z=0 C=0_92_30006,100,1,82,742,645,2120,70,false
ER-LD 300uM OA+3 DOM 60x confocal Z001.nd2 - Z=0 C=0_92_30006,100,1,83,742,646,1924,44,false
ER-LD 300uM OA+3 DOM 60x confocal Z001.nd2 - Z=0 C=0_92_30006,100,1,84,743,646,2071,122,false
ER-LD 300uM OA+3 DOM 60x confocal Z001.nd2 - Z=0 C=0_92_30006,100,1,85,743,647,1782,140,false
ER-LD 300uM OA+3 DOM 60x confocal Z001.nd2 - Z=0 C=0_92_30006,100,1,86,744,647,2059,137,false
ER-LD 300uM OA+3 DOM 60x confocal Z001.nd2 - Z=0 C=0_92_30006,100,1,87,744,648,1942,100,false
ER-LD 300uM OA+3 DOM 60x confocal Z001.nd2 - Z=0 C=0_92_30006,100,1,88,744,649,1639,60,false
ER-LD 300uM OA+3 DOM 60x confocal Z001.nd2 - Z=0 C=0_92_30006,100,1,89,745,649,1790,115,false
ER-LD 300uM OA+3 DOM 60x confocal Z001.nd2 - Z=0 C=0_92_30006,100,1,90,745,650,1527,102,false
ER-LD 300uM OA+3 DOM 60x confocal Z001.nd2 - Z=0 C=0_92_30006,100,1,91,746,650,1935,118,false
ER-LD 300uM OA+3 DOM 60x confocal Z001.nd2 - Z=0 C=0_92_30006,100,1,92,746,651,1538,112,false
ER-LD 300uM OA+3 DOM 60x confocal Z001.nd2 - Z=0 C=0_92_30006,100,1,93,746,652,1464,94,false
ER-LD 300uM OA+3 DOM 60x confocal Z001.nd2 - Z=0 C=0_92_30006,100,1,94,747,652,1858,104,false
ER-LD 300uM OA+3 DOM 60x confocal Z001.nd2 - Z=0 C=0_92_30006,100,1,95,747,653,1592,86,false
ER-LD 300uM OA+3 DOM 60x confocal Z001.nd2 - Z=0 C=0_92_30006,100,1,96,747,654,1537,78,false
ER-LD 300uM OA+3 DOM 60x confocal Z001.nd2 - Z=0 C=0_92_30006,100,1,97,748,654,1878,105,false
ER-LD 300uM OA+3 DOM 60x confocal Z001.nd2 - Z=0 C=0_92_30006,100,1,98,748,655,1879,109,false
ER-LD 300uM OA+3 DOM 60x confocal Z001.nd2 - Z=0 C=0_92_30006,100,1,99,748,656,1983,85,false
ER-LD 300uM OA+3 DOM 60x confocal Z001.nd2 - Z=0 C=0_92_30006,101,1,0,734,674,2627,156,false
ER-LD 300uM OA+3 DOM 60x confocal Z001.nd2 - Z=0 C=0_92_30006,101,1,1,734,675,2492,147,false
ER-LD 300uM OA+3 DOM 60x confocal Z001.nd2 - Z=0 C=0_92_30006,101,1,2,734,676,2590,108,false
ER-LD 300uM OA+3 DOM 60x confocal Z001.nd2 - Z=0 C=0_92_30006,101,1,3,733,676,2546,112,false
ER-LD 300uM OA+3 DOM 60x confocal Z001.nd2 - Z=0 C=0_92_30006,101,1,4,733,677,2398,141,false
ER-LD 300uM OA+3 DOM 60x confocal Z001.nd2 - Z=0 C=0_92_30006,101,1,5,732,677,2366,143,false
ER-LD 300uM OA+3 DOM 60x confocal Z001.nd2 - Z=0 C=0_92_30006,101,1,6,731,677,2346,193,false
ER-LD 300uM OA+3 DOM 60x confocal Z001.nd2 - Z=0 C=0_92_30006,101,1,7,730,677,2645,254,false
ER-LD 300uM OA+3 DOM 60x confocal Z001.nd2 - Z=0 C=0_92_30006,101,1,8,729,677,3047,229,false
ER-LD 300uM OA+3 DOM 60x confocal Z001.nd2 - Z=0 C=0_92_30006,101,1,9,728,677,3576,280,false
ER-LD 300uM OA+3 DOM 60x confocal Z001.nd2 - Z=0 C=0_92_30006,101,1,10,728,676,3629,303,false
ER-LD 300uM OA+3 DOM 60x confocal Z001.nd2 - Z=0 C=0_92_30006,101,1,11,727,676,4023,176,false
ER-LD 300uM OA+3 DOM 60x confocal Z001.nd2 - Z=0 C=0_92_30006,101,1,12,727,675,3866,162,false
ER-LD 300uM OA+3 DOM 60x confocal Z001.nd2 - Z=0 C=0_92_30006,101,1,13,727,674,3939,142,false
ER-LD 300uM OA+3 DOM 60x confocal Z001.nd2 - Z=0 C=0_92_30006,101,1,14,727,673,4363,149,false
ER-LD 300uM OA+3 DOM 60x confocal Z001.nd2 - Z=0 C=0_92_30006,101,1,15,727,672,4264,126,false
ER-LD 300uM OA+3 DOM 60x confocal Z001.nd2 - Z=0 C=0_92_30006,101,1,16,727,671,4146,92,false
ER-LD 300uM OA+3 DOM 60x confocal Z001.nd2 - Z=0 C=0_92_30006,101,1,17,728,671,4337,143,false
ER-LD 300uM OA+3 DOM 60x confocal Z001.nd2 - Z=0 C=0_92_30006,101,1,18,728,670,4066,173,false
ER-LD 300uM OA+3 DOM 60x confocal Z001.nd2 - Z=0 C=0_92_30006,101,1,19,729,670,3307,173,false
ER-LD 300uM OA+3 DOM 60x confocal Z001.nd2 - Z=0 C=0_92_30006,101,1,20,730,670,3350,149,false
ER-LD 300uM OA+3 DOM 60x confocal Z001.nd2 - Z=0 C=0_92_30006,101,1,21,730,671,3703,139,false
ER-LD 300uM OA+3 DOM 60x confocal Z001.nd2 - Z=0 C=0_92_30006,101,1,22,731,671,3505,209,false
ER-LD 300uM OA+3 DOM 60x confocal Z001.nd2 - Z=0 C=0_92_30006,101,1,23,732,671,3460,176,false
ER-LD 300uM OA+3 DOM 60x confocal Z001.nd2 - Z=0 C=0_92_30006,101,1,24,733,671,3603,218,false
ER-LD 300uM OA+3 DOM 60x confocal Z001.nd2 - Z=0 C=0_92_30006,101,1,25,733,672,3371,221,false
ER-LD 300uM OA+3 DOM 60x confocal Z001.nd2 - Z=0 C=0_92_30006,101,1,26,733,673,2719,160,false
ER-LD 300uM OA+3 DOM 60x confocal Z001.nd2 - Z=0 C=0_92_30006,101,1,27,734,673,2965,209,false
ER-LD 300uM OA+3 DOM 60x confocal Z001.nd2 - Z=0 C=0_92_30006,102,1,0,744,675,1672,69,false
ER-LD 300uM OA+3 DOM 60x confocal Z001.nd2 - Z=0 C=0_92_30006,102,1,1,744,676,1932,68,false
ER-LD 300uM OA+3 DOM 60x confocal Z001.nd2 - Z=0 C=0_92_30006,102,1,2,744,677,2113,119,false
ER-LD 300uM OA+3 DOM 60x confocal Z001.nd2 - Z=0 C=0_92_30006,102,1,3,743,677,1874,89,false
ER-LD 300uM OA+3 DOM 60x confocal Z001.nd2 - Z=0 C=0_92_30006,102,1,4,743,678,2245,102,false
ER-LD 300uM OA+3 DOM 60x confocal Z001.nd2 - Z=0 C=0_92_30006,102,1,5,742,678,2130,94,false
ER-LD 300uM OA+3 DOM 60x confocal Z001.nd2 - Z=0 C=0_92_30006,102,1,6,741,678,2084,120,false
ER-LD 300uM OA+3 DOM 60x confocal Z001.nd2 - Z=0 C=0_92_30006,102,1,7,740,678,1853,88,false
ER-LD 300uM OA+3 DOM 60x confocal Z001.nd2 - Z=0 C=0_92_30006,102,1,8,739,678,1733,98,false
ER-LD 300uM OA+3 DOM 60x confocal Z001.nd2 - Z=0 C=0_92_30006,102,1,9,738,678,1600,38,false
ER-LD 300uM OA+3 DOM 60x confocal Z001.nd2 - Z=0 C=0_92_30006,102,1,10,738,677,1773,78,false
ER-LD 300uM OA+3 DOM 60x confocal Z001.nd2 - Z=0 C=0_92_30006,102,1,11,737,677,1694,86,false
ER-LD 300uM OA+3 DOM 60x confocal Z001.nd2 - Z=0 C=0_92_30006,102,1,12,737,676,1946,86,false
ER-LD 300uM OA+3 DOM 60x confocal Z001.nd2 - Z=0 C=0_92_30006,102,1,13,737,675,2171,119,false
ER-LD 300uM OA+3 DOM 60x confocal Z001.nd2 - Z=0 C=0_92_30006,102,1,14,737,674,2204,103,false
ER-LD 300uM OA+3 DOM 60x confocal Z001.nd2 - Z=0 C=0_92_30006,102,1,15,737,673,2350,154,false
ER-LD 300uM OA+3 DOM 60x confocal Z001.nd2 - Z=0 C=0_92_30006,102,1,16,738,673,2005,136,false
ER-LD 300uM OA+3 DOM 60x confocal Z001.nd2 - Z=0 C=0_92_30006,102,1,17,738,672,2324,156,false
ER-LD 300uM OA+3 DOM 60x confocal Z001.nd2 - Z=0 C=0_92_30006,102,1,18,739,672,2354,117,false
ER-LD 300uM OA+3 DOM 60x confocal Z001.nd2 - Z=0 C=0_92_30006,102,1,19,740,672,2212,93,false
ER-LD 300uM OA+3 DOM 60x confocal Z001.nd2 - Z=0 C=0_92_30006,102,1,20,741,672,2129,104,false
ER-LD 300uM OA+3 DOM 60x confocal Z001.nd2 - Z=0 C=0_92_30006,102,1,21,742,672,1820,109,false
ER-LD 300uM OA+3 DOM 60x confocal Z001.nd2 - Z=0 C=0_92_30006,102,1,22,743,672,1892,90,false
ER-LD 300uM OA+3 DOM 60x confocal Z001.nd2 - Z=0 C=0_92_30006,102,1,23,744,672,1751,106,false
ER-LD 300uM OA+3 DOM 60x confocal Z001.nd2 - Z=0 C=0_92_30006,102,1,24,744,673,1516,80,false
ER-LD 300uM OA+3 DOM 60x confocal Z001.nd2 - Z=0 C=0_92_30006,102,1,25,744,674,1568,96,false
